customer_id,customer_name,email,registration_date,customer_type
CUST0001,Arjun Sharma,arjun.sharma1@yahoo.com,2025-01-05,REGULAR
CUST0002,Rohan Pawar,rohan.pawar2@gmail.com,2025-01-06,VIP
CUST0003,Sahil Patil,sahil.patil3@example.com,2025-01-07,REGULAR
CUST0004,Aditya Kulkarni,aditya.kulkarni4@outlook.com,2025-01-08,VIP
CUST0005,Aarav Reddy,aarav.reddy5@outlook.com,2026-01-02,VIP
CUST0006,Sahil Singh,sahil.singh6@outlook.com,2025-08-18,VIP
CUST0007,Ananya Jadhav,ananya.jadhav7@gmail.com,2026-01-24,REGULAR
CUST0008,Kavya Verma,kavya.verma8@yahoo.com,2025-03-21,REGULAR
CUST0009,Meera Patil,meera.patil9@gmail.com,2025-07-14,REGULAR
CUST0010,Isha Khan,isha.khan10@yahoo.com,2025-11-06,PREMIUM
CUST0011,Vivaan Pawar,vivaan.pawar11@example.com,2025-10-02,REGULAR
CUST0012,Sneha Patil,sneha.patil12@yahoo.com,2026-03-01,VIP
CUST0013,Vikram Mishra,vikram.mishra13@yahoo.com,2025-10-23,REGULAR
CUST0014,Aditya Sharma,aditya.sharma14@outlook.com,2026-01-31,PREMIUM
CUST0015,Aditya Khan,aditya.khan15@outlook.com,2026-03-20,REGULAR
CUST0016,Sneha Joshi,sneha.joshi16@example.com,2025-11-22,PREMIUM
CUST0017,Ishaan Verma,ishaan.verma17@yahoo.com,2025-04-18,VIP
CUST0018,Ananya Pawar,ananya.pawar18@gmail.com,2025-11-08,VIP
CUST0019,Ishaan Reddy,ishaan.reddy19@outlook.com,2025-03-25,PREMIUM
CUST0020,Sneha Joshi,sneha.joshi20@outlook.com,2025-12-17,PREMIUM
CUST0021,Vivaan Kulkarni,vivaan.kulkarni21@gmail.com,2026-02-17,PREMIUM
CUST0022,Sneha Joshi,sneha.joshi22@gmail.com,2025-04-19,VIP
CUST0023,Meera Kulkarni,meera.kulkarni23@example.com,2025-07-22,VIP
CUST0024,Riya Deshmukh,riya.deshmukh24@yahoo.com,2025-03-13,REGULAR
CUST0025,Sahil Reddy,sahil.reddy25@yahoo.com,2026-01-18,VIP
CUST0026,Kavya Mishra,kavya.mishra26@example.com,2025-07-05,REGULAR
CUST0027,Rohan Reddy,rohan.reddy27@example.com,2025-02-16,REGULAR
CUST0028,Arjun Deshmukh,arjun.deshmukh28@outlook.com,2026-02-10,VIP
CUST0029,Kavya Nair,kavya.nair29@gmail.com,2025-07-17,PREMIUM
CUST0030,Vikram Gupta,vikram.gupta30@yahoo.com,2026-05-13,VIP
CUST0031,Aarav Mehta,aarav.mehta31@gmail.com,2025-12-16,VIP
CUST0032,Ananya Jadhav,ananya.jadhav32@yahoo.com,2025-02-27,PREMIUM
CUST0033,Kavya Deshmukh,kavya.deshmukh33@example.com,2025-01-02,VIP
CUST0034,Ananya Reddy,ananya.reddy34@outlook.com,2025-09-17,REGULAR
CUST0035,Priya Khan,priya.khan35@outlook.com,2025-03-20,PREMIUM
CUST0036,Ishaan Reddy,ishaan.reddy36@gmail.com,2025-11-03,PREMIUM
CUST0037,Aditi Sharma,aditi.sharma37@gmail.com,2026-04-21,PREMIUM
CUST0038,Priya Kulkarni,priya.kulkarni38@gmail.com,2025-05-04,VIP
CUST0039,Aditya Patil,aditya.patil39@example.com,2026-02-22,REGULAR
CUST0040,Sahil Jadhav,sahil.jadhav40@outlook.com,2025-03-07,VIP
CUST0041,Aditi Reddy,aditi.reddy41@outlook.com,2025-05-16,VIP
CUST0042,Vikram Singh,vikram.singh42@outlook.com,2026-04-21,VIP
CUST0043,Kabir Pawar,kabir.pawar43@yahoo.com,2025-07-24,VIP
CUST0044,Isha Gupta,isha.gupta44@example.com,2025-03-03,REGULAR
CUST0045,Neha Patil,neha.patil45@yahoo.com,2025-01-11,VIP
CUST0046,Sahil Kulkarni,sahil.kulkarni46@outlook.com,2025-01-04,REGULAR
CUST0047,Vivaan Kulkarni,vivaan.kulkarni47@gmail.com,2026-04-09,REGULAR
CUST0048,Meera Patil,meera.patil48@outlook.com,2025-05-23,VIP
CUST0049,Aditi Kulkarni,aditi.kulkarni49@outlook.com,2026-01-06,VIP
CUST0050,Nikhil Gupta,nikhil.gupta50@,2026-02-06,PREMIUM
CUST0051,Kavya Kulkarni,kavya.kulkarni51@gmail.com,2025-02-19,VIP
CUST0052,Kavya Verma,kavya.verma52@example.com,2025-07-30,PREMIUM
CUST0053,Vivaan Mehta,vivaan.mehta53@gmail.com,2025-02-01,PREMIUM
CUST0054,Meera Jadhav,meera.jadhav54@gmail.com,2025-05-08,REGULAR
CUST0055,Kabir Reddy,kabir.reddy55@example.com,2025-03-13,PREMIUM
CUST0056,Ishaan Joshi,ishaan.joshi56@example.com,2025-05-08,REGULAR
CUST0057,Riya Jadhav,riya.jadhav57@gmail.com,2025-01-26,VIP
CUST0058,Sahil Khan,sahil.khan58@gmail.com,2026-05-12,REGULAR
CUST0059,Neha Deshmukh,neha.deshmukh59@example.com,2025-09-06,PREMIUM
CUST0060,Kabir Khan,kabir.khan60@example.com,2026-04-08,REGULAR
CUST0061,Ishaan Singh,ishaan.singh61@gmail.com,2025-07-19,PREMIUM
CUST0062,Riya Joshi,riya.joshi62@example.com,2025-12-23,VIP
CUST0063,Sahil Mehta,sahil.mehta63@example.com,2025-03-21,REGULAR
CUST0064,Priya Kulkarni,priya.kulkarni64@gmail.com,2025-10-24,VIP
CUST0065,Sahil Sharma,sahil.sharma65@yahoo.com,2025-01-30,REGULAR
CUST0066,Nikhil Gupta,nikhil.gupta66@outlook.com,2025-01-30,VIP
CUST0067,Aditya Khan,aditya.khan67@outlook.com,2025-02-05,VIP
CUST0068,Aditya Mehta,aditya.mehta68@outlook.com,2025-07-26,REGULAR
CUST0069,Nikhil Kulkarni,nikhil.kulkarni69@gmail.com,2025-11-14,REGULAR
CUST0070,Kavya Mehta,kavya.mehta70@yahoo.com,2026-04-24,PREMIUM
CUST0071,Kabir Mehta,kabir.mehta71@yahoo.com,2025-05-03,PREMIUM
CUST0072,Sneha Deshmukh,sneha.deshmukh72@yahoo.com,2025-08-23,PREMIUM
CUST0073,Aditya Sharma,aditya.sharma73@example.com,2025-11-15,VIP
CUST0074,Arjun Patil,arjun.patil74@outlook.com,2025-09-17,PREMIUM
CUST0075,Rohan Mishra,rohan.mishra75@yahoo.com,2026-03-28,REGULAR
CUST0076,Neha Verma,neha.verma76@yahoo.com,2025-03-22,PREMIUM
CUST0077,Sahil Pawar,sahil.pawar77@yahoo.com,2025-11-10,VIP
CUST0078,Rahul Sharma,rahul.sharma78@yahoo.com,2026-04-23,VIP
CUST0079,Arjun Mishra,arjun.mishra79@outlook.com,2025-05-16,REGULAR
CUST0080,Arjun Pawar,arjun.pawar80@outlook.com,2025-05-20,PREMIUM
CUST0081,Vikram Kulkarni,vikram.kulkarni81@yahoo.com,2025-04-15,VIP
CUST0082,Ananya Reddy,ananya.reddy82@example.com,2025-05-09,REGULAR
CUST0083,Aditya Mehta,aditya.mehta83@example.com,2026-03-01,PREMIUM
CUST0084,Vivaan Sharma,vivaan.sharma84@yahoo.com,2026-01-30,REGULAR
CUST0085,Ananya Deshmukh,ananya.deshmukh85@example.com,2025-10-10,VIP
CUST0086,Kavya Reddy,kavya.reddy86@gmail.com,2025-02-27,REGULAR
CUST0087,Rohan Reddy,rohan.reddy87@gmail.com,2026-03-04,PREMIUM
CUST0088,Nikhil Reddy,nikhil.reddy88@outlook.com,2025-08-09,REGULAR
CUST0089,Vivaan Joshi,vivaan.joshi89@yahoo.com,2026-04-06,REGULAR
CUST0090,Isha Kulkarni,isha.kulkarni90@outlook.com,2025-12-08,REGULAR
CUST0091,Isha Jadhav,isha.jadhav91@example.com,2026-05-14,VIP
CUST0092,Rohan Mishra,rohan.mishra92@outlook.com,2026-03-19,REGULAR
CUST0093,Ishaan Mishra,ishaan.mishra93@example.com,2025-01-13,REGULAR
CUST0094,Meera Jadhav,meera.jadhav94@example.com,2026-02-15,VIP
CUST0095,Neha Joshi,neha.joshi95@outlook.com,2026-02-08,VIP
CUST0096,Arjun Singh,arjun.singh96@gmail.com,2026-03-16,PREMIUM
CUST0097,Neha Kulkarni,neha.kulkarni97@example.com,2025-06-29,PREMIUM
CUST0098,Neha Kulkarni,neha.kulkarni98@gmail.com,2025-12-04,REGULAR
CUST0099,Sneha Verma,sneha.verma99@yahoo.com,2026-03-19,REGULAR
CUST0100,Ananya Verma,ananya.verma100example.com,2025-12-14,VIP
CUST0101,Meera Sharma,meera.sharma101@gmail.com,2026-03-26,PREMIUM
CUST0102,Ishaan Nair,ishaan.nair102@yahoo.com,2025-01-20,REGULAR
CUST0103,Vikram Singh,vikram.singh103@yahoo.com,2026-01-09,PREMIUM
CUST0104,Kavya Nair,kavya.nair104@gmail.com,2025-07-17,VIP
CUST0105,Kabir Joshi,kabir.joshi105@gmail.com,2025-12-29,PREMIUM
CUST0106,Aarav Reddy,aarav.reddy106@outlook.com,2025-07-06,PREMIUM
CUST0107,Aditya Mehta,aditya.mehta107@yahoo.com,2025-11-16,PREMIUM
CUST0108,Arjun Pawar,arjun.pawar108@yahoo.com,2025-09-17,PREMIUM
CUST0109,Kavya Verma,kavya.verma109@example.com,2025-12-23,PREMIUM
CUST0110,Sahil Deshmukh,sahil.deshmukh110@outlook.com,2025-08-04,VIP
CUST0111,Sneha Mehta,sneha.mehta111@outlook.com,2025-11-12,VIP
CUST0112,Priya Singh,priya.singh112@gmail.com,2025-06-05,PREMIUM
CUST0113,Kabir Singh,kabir.singh113@yahoo.com,2025-08-27,PREMIUM
CUST0114,Riya Mehta,riya.mehta114@outlook.com,2025-09-19,PREMIUM
CUST0115,Ishaan Mehta,ishaan.mehta115@gmail.com,2025-05-26,VIP
CUST0116,Vikram Verma,vikram.verma116@gmail.com,2026-02-24,REGULAR
CUST0117,Priya Kulkarni,priya.kulkarni117@outlook.com,2025-03-17,REGULAR
CUST0118,Vivaan Kulkarni,vivaan.kulkarni118@example.com,2025-11-09,REGULAR
CUST0119,Riya Singh,riya.singh119@outlook.com,2026-01-03,VIP
CUST0120,Sneha Gupta,sneha.gupta120@example.com,2025-05-05,REGULAR
CUST0121,Aarav Mishra,aarav.mishra121@gmail.com,2026-02-03,PREMIUM
CUST0122,Neha Deshmukh,neha.deshmukh122@example.com,2025-01-26,VIP
CUST0123,Neha Mishra,neha.mishra123@gmail.com,2025-08-22,REGULAR
CUST0124,Riya Mehta,riya.mehta124@yahoo.com,2026-05-02,PREMIUM
CUST0125,Vikram Khan,vikram.khan125@example.com,2026-03-02,VIP
CUST0126,Riya Mishra,riya.mishra126@outlook.com,2026-01-16,PREMIUM
CUST0127,Riya Joshi,riya.joshi127@outlook.com,2026-03-07,VIP
CUST0128,Ananya Jadhav,ananya.jadhav128@example.com,2025-11-17,REGULAR
CUST0129,Ananya Gupta,ananya.gupta129@gmail.com,2026-01-01,PREMIUM
CUST0130,Neha Joshi,neha.joshi130@yahoo.com,2025-06-13,VIP
CUST0131,Aditya Deshmukh,aditya.deshmukh131@outlook.com,2025-04-29,PREMIUM
CUST0132,Rohan Pawar,rohan.pawar132@outlook.com,2025-02-02,PREMIUM
CUST0133,Kavya Verma,kavya.verma133@example.com,2025-08-01,REGULAR
CUST0134,Kabir Khan,kabir.khan134@example.com,2025-07-19,VIP
CUST0135,Aarav Khan,aarav.khan135@example.com,2025-09-02,REGULAR
CUST0136,Isha Joshi,isha.joshi136@example.com,2026-03-13,PREMIUM
CUST0137,Sahil Pawar,sahil.pawar137@outlook.com,2025-09-07,REGULAR
CUST0138,Ananya Singh,ananya.singh138@example.com,2025-01-15,PREMIUM
CUST0139,Meera Mehta,meera.mehta139@example.com,2026-01-06,REGULAR
CUST0140,Riya Mishra,riya.mishra140@outlook.com,2025-11-15,VIP
CUST0141,Aarav Mishra,aarav.mishra141@example.com,2025-10-31,VIP
CUST0142,Aarav Patil,aarav.patil142@example.com,2025-03-11,PREMIUM
CUST0143,Ishaan Sharma,ishaan.sharma143@yahoo.com,2025-07-14,PREMIUM
CUST0144,Kabir Gupta,kabir.gupta144@yahoo.com,2025-06-22,PREMIUM
CUST0145,Ananya Jadhav,ananya.jadhav145@example.com,2025-05-10,REGULAR
CUST0146,Aditi Sharma,aditi.sharma146@gmail.com,2026-05-03,PREMIUM
CUST0147,Neha Mehta,neha.mehta147@gmail.com,2026-02-04,VIP
CUST0148,Vivaan Jadhav,vivaan.jadhav148@gmail.com,2026-05-02,REGULAR
CUST0149,Kabir Khan,kabir.khan149@gmail.com,2025-11-15,REGULAR
CUST0150,Neha Deshmukh,neha.deshmukh150@,2025-12-09,REGULAR
CUST0151,Nikhil Kulkarni,nikhil.kulkarni151@example.com,2025-12-25,PREMIUM
CUST0152,Isha Deshmukh,isha.deshmukh152@gmail.com,2026-02-03,REGULAR
CUST0153,Priya Patil,priya.patil153@gmail.com,2026-04-21,PREMIUM
CUST0154,Nikhil Mehta,nikhil.mehta154@example.com,2025-07-23,VIP
CUST0155,Kabir Patil,kabir.patil155@outlook.com,2025-02-22,VIP
CUST0156,Priya Khan,priya.khan156@gmail.com,2026-02-12,VIP
CUST0157,Vivaan Verma,vivaan.verma157@example.com,2025-12-05,PREMIUM
CUST0158,Aditya Reddy,aditya.reddy158@yahoo.com,2025-01-07,PREMIUM
CUST0159,Aditi Patil,aditi.patil159@example.com,2026-05-07,PREMIUM
CUST0160,Riya Pawar,riya.pawar160@outlook.com,2025-08-11,REGULAR
CUST0161,Rahul Mehta,rahul.mehta161@yahoo.com,2025-11-12,VIP
CUST0162,Aditi Gupta,aditi.gupta162@example.com,2026-02-27,VIP
CUST0163,Nikhil Joshi,nikhil.joshi163@yahoo.com,2026-03-13,REGULAR
CUST0164,Aditya Joshi,aditya.joshi164@example.com,2025-05-05,PREMIUM
CUST0165,Nikhil Nair,nikhil.nair165@example.com,2025-06-22,REGULAR
CUST0166,Aditi Khan,aditi.khan166@yahoo.com,2025-04-04,PREMIUM
CUST0167,Kabir Verma,kabir.verma167@yahoo.com,2025-06-24,PREMIUM
CUST0168,Vikram Pawar,vikram.pawar168@yahoo.com,2025-10-12,REGULAR
CUST0169,Rahul Kulkarni,rahul.kulkarni169@gmail.com,2025-05-04,VIP
CUST0170,Kavya Gupta,kavya.gupta170@outlook.com,2025-12-20,PREMIUM
CUST0171,Aditi Gupta,aditi.gupta171@gmail.com,2025-02-17,PREMIUM
CUST0172,Neha Singh,neha.singh172@outlook.com,2025-06-06,VIP
CUST0173,Nikhil Verma,nikhil.verma173@example.com,2025-10-11,VIP
CUST0174,Isha Singh,isha.singh174@yahoo.com,2025-06-30,VIP
CUST0175,Riya Joshi,riya.joshi175@yahoo.com,2025-05-09,REGULAR
CUST0176,Arjun Pawar,arjun.pawar176@outlook.com,2025-06-11,REGULAR
CUST0177,Sahil Jadhav,sahil.jadhav177@outlook.com,2025-04-09,REGULAR
CUST0178,Aditi Joshi,aditi.joshi178@yahoo.com,2025-02-21,REGULAR
CUST0179,Priya Kulkarni,priya.kulkarni179@yahoo.com,2025-04-02,PREMIUM
CUST0180,Aarav Pawar,aarav.pawar180@outlook.com,2025-05-21,REGULAR
CUST0181,Vivaan Reddy,vivaan.reddy181@yahoo.com,2025-12-24,REGULAR
CUST0182,Aditi Patil,aditi.patil182@gmail.com,2025-10-21,PREMIUM
CUST0183,Aditi Gupta,aditi.gupta183@example.com,2025-06-24,REGULAR
CUST0184,Vivaan Joshi,vivaan.joshi184@example.com,2025-02-28,REGULAR
CUST0185,Sneha Gupta,sneha.gupta185@gmail.com,2025-10-23,VIP
CUST0186,Vivaan Deshmukh,vivaan.deshmukh186@outlook.com,2026-02-20,VIP
CUST0187,Priya Patil,priya.patil187@outlook.com,2025-03-02,VIP
CUST0188,Kavya Nair,kavya.nair188@outlook.com,2026-02-02,VIP
CUST0189,Sneha Gupta,sneha.gupta189@example.com,2025-06-02,VIP
CUST0190,Kavya Joshi,kavya.joshi190@gmail.com,2025-11-09,VIP
CUST0191,Arjun Jadhav,arjun.jadhav191@outlook.com,2025-11-17,REGULAR
CUST0192,Ananya Mehta,ananya.mehta192@gmail.com,2025-03-22,REGULAR
CUST0193,Ishaan Reddy,ishaan.reddy193@gmail.com,2025-03-22,REGULAR
CUST0194,Kavya Gupta,kavya.gupta194@example.com,2025-05-30,REGULAR
CUST0195,Neha Joshi,neha.joshi195@yahoo.com,2025-12-26,PREMIUM
CUST0196,Aditya Mehta,aditya.mehta196@outlook.com,2026-04-19,PREMIUM
CUST0197,Nikhil Mehta,nikhil.mehta197@outlook.com,2025-08-06,REGULAR
CUST0198,Sahil Kulkarni,sahil.kulkarni198@outlook.com,2026-04-11,PREMIUM
CUST0199,Rohan Patil,rohan.patil199@gmail.com,2025-03-26,PREMIUM
CUST0200,Vikram Pawar,vikram.pawar200yahoo.com,2025-08-13,REGULAR
CUST0201,Riya Pawar,riya.pawar201@yahoo.com,2025-12-25,PREMIUM
CUST0202,Ananya Reddy,ananya.reddy202@example.com,2025-08-13,REGULAR
CUST0203,Vikram Sharma,vikram.sharma203@example.com,2026-01-12,PREMIUM
CUST0204,Vikram Joshi,vikram.joshi204@gmail.com,2025-02-16,REGULAR
CUST0205,Nikhil Nair,nikhil.nair205@gmail.com,2026-01-27,VIP
CUST0206,Ananya Nair,ananya.nair206@gmail.com,2026-01-26,REGULAR
CUST0207,Aditi Reddy,aditi.reddy207@example.com,2026-04-15,PREMIUM
CUST0208,Ishaan Nair,ishaan.nair208@example.com,2025-11-22,PREMIUM
CUST0209,Aditya Gupta,aditya.gupta209@yahoo.com,2025-07-29,PREMIUM
CUST0210,Meera Mehta,meera.mehta210@gmail.com,2026-03-16,REGULAR
CUST0211,Meera Singh,meera.singh211@example.com,2025-05-28,VIP
CUST0212,Sneha Khan,sneha.khan212@gmail.com,2025-08-21,REGULAR
CUST0213,Meera Joshi,meera.joshi213@yahoo.com,2025-03-01,PREMIUM
CUST0214,Rahul Khan,rahul.khan214@gmail.com,2025-12-03,VIP
CUST0215,Riya Singh,riya.singh215@gmail.com,2025-04-07,VIP
CUST0216,Isha Nair,isha.nair216@example.com,2025-11-17,PREMIUM
CUST0217,Vivaan Kulkarni,vivaan.kulkarni217@yahoo.com,2025-10-09,REGULAR
CUST0218,Priya Gupta,priya.gupta218@example.com,2025-03-04,REGULAR
CUST0219,Vikram Jadhav,vikram.jadhav219@outlook.com,2025-12-30,REGULAR
CUST0220,Priya Reddy,priya.reddy220@gmail.com,2025-10-10,PREMIUM
CUST0221,Aditya Kulkarni,aditya.kulkarni221@gmail.com,2025-08-25,REGULAR
CUST0222,Rohan Gupta,rohan.gupta222@yahoo.com,2025-09-18,VIP
CUST0223,Ananya Singh,ananya.singh223@example.com,2025-08-30,REGULAR
CUST0224,Riya Reddy,riya.reddy224@outlook.com,2025-07-16,REGULAR
CUST0225,Vikram Reddy,vikram.reddy225@outlook.com,2026-03-19,REGULAR
CUST0226,Ananya Jadhav,ananya.jadhav226@example.com,2025-06-24,VIP
CUST0227,Ananya Khan,ananya.khan227@gmail.com,2025-05-25,VIP
CUST0228,Priya Khan,priya.khan228@example.com,2026-03-20,REGULAR
CUST0229,Riya Reddy,riya.reddy229@example.com,2025-06-26,PREMIUM
CUST0230,Sahil Jadhav,sahil.jadhav230@example.com,2025-08-22,PREMIUM
CUST0231,Kabir Pawar,kabir.pawar231@outlook.com,2025-10-20,PREMIUM
CUST0232,Neha Khan,neha.khan232@example.com,2025-01-23,PREMIUM
CUST0233,Aditi Pawar,aditi.pawar233@example.com,2025-07-17,VIP
CUST0234,Rohan Gupta,rohan.gupta234@gmail.com,2025-03-06,VIP
CUST0235,Nikhil Verma,nikhil.verma235@gmail.com,2026-03-24,PREMIUM
CUST0236,Arjun Reddy,arjun.reddy236@example.com,2025-01-08,VIP
CUST0237,Rohan Singh,rohan.singh237@outlook.com,2025-02-08,PREMIUM
CUST0238,Ananya Verma,ananya.verma238@example.com,2025-11-29,REGULAR
CUST0239,Meera Khan,meera.khan239@example.com,2026-05-04,PREMIUM
CUST0240,Aditi Khan,aditi.khan240@gmail.com,2025-11-13,REGULAR
CUST0241,Neha Mehta,neha.mehta241@yahoo.com,2025-04-27,VIP
CUST0242,Aditya Singh,aditya.singh242@gmail.com,2026-01-25,VIP
CUST0243,Arjun Gupta,arjun.gupta243@outlook.com,2025-12-22,PREMIUM
CUST0244,Aarav Sharma,aarav.sharma244@yahoo.com,2026-02-12,REGULAR
CUST0245,Priya Verma,priya.verma245@yahoo.com,2025-08-09,REGULAR
CUST0246,Neha Reddy,neha.reddy246@example.com,2025-10-17,VIP
CUST0247,Ishaan Deshmukh,ishaan.deshmukh247@outlook.com,2025-02-10,VIP
CUST0248,Sneha Nair,sneha.nair248@outlook.com,2025-09-12,VIP
CUST0249,Rohan Kulkarni,rohan.kulkarni249@example.com,2025-11-23,PREMIUM
CUST0250,Riya Joshi,riya.joshi250@,2026-04-06,PREMIUM
CUST0251,Priya Mehta,priya.mehta251@outlook.com,2025-02-07,PREMIUM
CUST0252,Isha Nair,isha.nair252@yahoo.com,2025-11-24,PREMIUM
CUST0253,Ananya Gupta,ananya.gupta253@yahoo.com,2025-04-12,PREMIUM
CUST0254,Aditi Patil,aditi.patil254@outlook.com,2025-07-15,VIP
CUST0255,Isha Nair,isha.nair255@yahoo.com,2025-12-25,PREMIUM
CUST0256,Aarav Khan,aarav.khan256@example.com,2025-05-21,REGULAR
CUST0257,Nikhil Khan,nikhil.khan257@gmail.com,2026-04-12,VIP
CUST0258,Aditi Khan,aditi.khan258@yahoo.com,2026-02-02,REGULAR
CUST0259,Vikram Jadhav,vikram.jadhav259@yahoo.com,2025-04-23,VIP
CUST0260,Kabir Nair,kabir.nair260@yahoo.com,2025-12-14,VIP
CUST0261,Rohan Mehta,rohan.mehta261@gmail.com,2026-04-08,VIP
CUST0262,Vivaan Joshi,vivaan.joshi262@example.com,2025-01-18,VIP
CUST0263,Isha Pawar,isha.pawar263@outlook.com,2025-02-16,PREMIUM
CUST0264,Meera Pawar,meera.pawar264@example.com,2025-03-31,REGULAR
CUST0265,Rohan Jadhav,rohan.jadhav265@yahoo.com,2025-09-29,VIP
CUST0266,Ananya Khan,ananya.khan266@outlook.com,2025-05-12,PREMIUM
CUST0267,Priya Pawar,priya.pawar267@yahoo.com,2026-02-16,REGULAR
CUST0268,Riya Patil,riya.patil268@outlook.com,2026-01-22,REGULAR
CUST0269,Sneha Khan,sneha.khan269@yahoo.com,2025-02-16,PREMIUM
CUST0270,Aarav Joshi,aarav.joshi270@gmail.com,2025-08-21,PREMIUM
CUST0271,Ananya Nair,ananya.nair271@example.com,2026-02-26,VIP
CUST0272,Isha Patil,isha.patil272@outlook.com,2025-08-30,REGULAR
CUST0273,Vikram Mishra,vikram.mishra273@yahoo.com,2026-04-14,VIP
CUST0274,Neha Mehta,neha.mehta274@gmail.com,2025-11-22,PREMIUM
CUST0275,Priya Mehta,priya.mehta275@example.com,2025-03-01,REGULAR
CUST0276,Vivaan Sharma,vivaan.sharma276@yahoo.com,2025-09-10,REGULAR
CUST0277,Arjun Kulkarni,arjun.kulkarni277@outlook.com,2025-07-18,PREMIUM
CUST0278,Isha Mehta,isha.mehta278@example.com,2025-10-28,VIP
CUST0279,Rohan Mishra,rohan.mishra279@example.com,2025-12-02,REGULAR
CUST0280,Aditi Nair,aditi.nair280@example.com,2026-04-26,PREMIUM
CUST0281,Vivaan Pawar,vivaan.pawar281@yahoo.com,2025-04-22,PREMIUM
CUST0282,Riya Kulkarni,riya.kulkarni282@yahoo.com,2025-02-20,VIP
CUST0283,Isha Reddy,isha.reddy283@yahoo.com,2025-02-01,PREMIUM
CUST0284,Ananya Kulkarni,ananya.kulkarni284@gmail.com,2026-05-01,PREMIUM
CUST0285,Aditya Mehta,aditya.mehta285@outlook.com,2025-11-25,VIP
CUST0286,Vikram Sharma,vikram.sharma286@gmail.com,2026-02-07,PREMIUM
CUST0287,Neha Deshmukh,neha.deshmukh287@outlook.com,2025-02-05,VIP
CUST0288,Kabir Nair,kabir.nair288@outlook.com,2026-02-21,REGULAR
CUST0289,Meera Jadhav,meera.jadhav289@outlook.com,2026-02-08,VIP
CUST0290,Aarav Joshi,aarav.joshi290@outlook.com,2025-03-08,VIP
CUST0291,Ananya Jadhav,ananya.jadhav291@outlook.com,2025-02-26,VIP
CUST0292,Aarav Deshmukh,aarav.deshmukh292@gmail.com,2025-07-03,REGULAR
CUST0293,Nikhil Verma,nikhil.verma293@gmail.com,2025-03-31,PREMIUM
CUST0294,Vivaan Deshmukh,vivaan.deshmukh294@example.com,2025-09-27,REGULAR
CUST0295,Aditya Gupta,aditya.gupta295@example.com,2026-02-03,PREMIUM
CUST0296,Rahul Nair,rahul.nair296@gmail.com,2025-08-20,VIP
CUST0297,Neha Nair,neha.nair297@gmail.com,2026-01-08,VIP
CUST0298,Rahul Joshi,rahul.joshi298@example.com,2025-11-26,REGULAR
CUST0299,Vivaan Gupta,vivaan.gupta299@example.com,2025-08-07,VIP
CUST0300,Arjun Gupta,arjun.gupta300example.com,2025-02-07,REGULAR
CUST0301,Meera Nair,meera.nair301@outlook.com,2025-02-03,REGULAR
CUST0302,Ananya Nair,ananya.nair302@yahoo.com,2025-07-15,VIP
CUST0303,Rahul Joshi,rahul.joshi303@example.com,2025-09-16,VIP
CUST0304,Kavya Patil,kavya.patil304@gmail.com,2026-03-13,VIP
CUST0305,Sahil Pawar,sahil.pawar305@outlook.com,2025-08-09,PREMIUM
CUST0306,Neha Singh,neha.singh306@yahoo.com,2026-02-28,PREMIUM
CUST0307,Sneha Singh,sneha.singh307@gmail.com,2025-06-10,PREMIUM
CUST0308,Meera Mehta,meera.mehta308@yahoo.com,2025-07-11,REGULAR
CUST0309,Aditi Patil,aditi.patil309@gmail.com,2026-03-02,REGULAR
CUST0310,Aditya Singh,aditya.singh310@gmail.com,2026-01-17,VIP
CUST0311,Isha Jadhav,isha.jadhav311@outlook.com,2025-10-12,REGULAR
CUST0312,Nikhil Reddy,nikhil.reddy312@yahoo.com,2025-12-10,REGULAR
CUST0313,Kavya Verma,kavya.verma313@example.com,2026-03-21,VIP
CUST0314,Vivaan Joshi,vivaan.joshi314@yahoo.com,2025-06-30,REGULAR
CUST0315,Nikhil Reddy,nikhil.reddy315@outlook.com,2025-03-21,VIP
CUST0316,Aditi Kulkarni,aditi.kulkarni316@gmail.com,2025-06-29,VIP
CUST0317,Isha Patil,isha.patil317@yahoo.com,2025-10-21,REGULAR
CUST0318,Kavya Khan,kavya.khan318@gmail.com,2025-11-08,VIP
CUST0319,Ananya Sharma,ananya.sharma319@outlook.com,2025-05-20,VIP
CUST0320,Priya Mishra,priya.mishra320@yahoo.com,2025-06-29,REGULAR
CUST0321,Ishaan Khan,ishaan.khan321@outlook.com,2025-10-17,VIP
CUST0322,Sneha Patil,sneha.patil322@outlook.com,2026-01-15,VIP
CUST0323,Aarav Patil,aarav.patil323@outlook.com,2025-07-12,PREMIUM
CUST0324,Riya Verma,riya.verma324@outlook.com,2025-07-09,PREMIUM
CUST0325,Meera Jadhav,meera.jadhav325@gmail.com,2026-03-29,REGULAR
CUST0326,Rohan Deshmukh,rohan.deshmukh326@gmail.com,2025-12-12,REGULAR
CUST0327,Ananya Gupta,ananya.gupta327@example.com,2025-09-06,VIP
CUST0328,Riya Singh,riya.singh328@yahoo.com,2025-04-21,VIP
CUST0329,Arjun Verma,arjun.verma329@example.com,2025-02-26,PREMIUM
CUST0330,Nikhil Gupta,nikhil.gupta330@yahoo.com,2025-01-24,REGULAR
CUST0331,Sneha Nair,sneha.nair331@gmail.com,2025-01-04,REGULAR
CUST0332,Priya Kulkarni,priya.kulkarni332@outlook.com,2026-01-27,PREMIUM
CUST0333,Priya Verma,priya.verma333@gmail.com,2025-01-04,PREMIUM
CUST0334,Kavya Deshmukh,kavya.deshmukh334@outlook.com,2025-07-14,VIP
CUST0335,Neha Reddy,neha.reddy335@yahoo.com,2025-02-06,PREMIUM
CUST0336,Vivaan Singh,vivaan.singh336@gmail.com,2025-08-24,REGULAR
CUST0337,Meera Nair,meera.nair337@example.com,2025-10-21,PREMIUM
CUST0338,Kavya Joshi,kavya.joshi338@gmail.com,2025-07-27,REGULAR
CUST0339,Meera Deshmukh,meera.deshmukh339@example.com,2026-03-02,VIP
CUST0340,Isha Patil,isha.patil340@example.com,2026-03-09,REGULAR
CUST0341,Neha Singh,neha.singh341@example.com,2025-09-26,REGULAR
CUST0342,Sneha Khan,sneha.khan342@yahoo.com,2026-01-17,PREMIUM
CUST0343,Neha Verma,neha.verma343@outlook.com,2025-02-09,VIP
CUST0344,Arjun Reddy,arjun.reddy344@outlook.com,2026-04-09,PREMIUM
CUST0345,Isha Pawar,isha.pawar345@outlook.com,2025-05-01,REGULAR
CUST0346,Rohan Joshi,rohan.joshi346@outlook.com,2025-03-30,VIP
CUST0347,Rohan Jadhav,rohan.jadhav347@gmail.com,2025-04-01,VIP
CUST0348,Aditi Gupta,aditi.gupta348@example.com,2025-12-15,VIP
CUST0349,Vikram Verma,vikram.verma349@yahoo.com,2025-03-19,PREMIUM
CUST0350,Aditya Gupta,aditya.gupta350@,2025-11-20,PREMIUM
CUST0351,Ananya Nair,ananya.nair351@gmail.com,2025-06-30,VIP
CUST0352,Aditya Joshi,aditya.joshi352@example.com,2025-08-20,REGULAR
CUST0353,Vivaan Verma,vivaan.verma353@yahoo.com,2025-02-09,VIP
CUST0354,Aditya Nair,aditya.nair354@example.com,2025-08-25,VIP
CUST0355,Sahil Jadhav,sahil.jadhav355@gmail.com,2025-08-19,VIP
CUST0356,Kabir Verma,kabir.verma356@example.com,2025-09-14,REGULAR
CUST0357,Vivaan Gupta,vivaan.gupta357@gmail.com,2026-02-20,PREMIUM
CUST0358,Aditya Reddy,aditya.reddy358@outlook.com,2025-01-21,REGULAR
CUST0359,Riya Gupta,riya.gupta359@outlook.com,2025-07-06,PREMIUM
CUST0360,Priya Singh,priya.singh360@example.com,2026-02-01,PREMIUM
CUST0361,Vikram Sharma,vikram.sharma361@yahoo.com,2025-02-03,PREMIUM
CUST0362,Arjun Reddy,arjun.reddy362@example.com,2025-05-26,PREMIUM
CUST0363,Vikram Khan,vikram.khan363@outlook.com,2025-06-20,REGULAR
CUST0364,Nikhil Mehta,nikhil.mehta364@outlook.com,2026-04-15,PREMIUM
CUST0365,Priya Mehta,priya.mehta365@example.com,2025-03-08,VIP
CUST0366,Aditya Joshi,aditya.joshi366@example.com,2025-11-26,PREMIUM
CUST0367,Rohan Mehta,rohan.mehta367@gmail.com,2025-11-27,VIP
CUST0368,Kavya Reddy,kavya.reddy368@yahoo.com,2025-01-10,PREMIUM
CUST0369,Priya Deshmukh,priya.deshmukh369@outlook.com,2025-06-24,PREMIUM
CUST0370,Kabir Kulkarni,kabir.kulkarni370@outlook.com,2025-03-21,REGULAR
CUST0371,Priya Khan,priya.khan371@gmail.com,2025-09-17,VIP
CUST0372,Rahul Sharma,rahul.sharma372@yahoo.com,2026-03-25,VIP
CUST0373,Rohan Nair,rohan.nair373@example.com,2025-03-20,REGULAR
CUST0374,Ishaan Khan,ishaan.khan374@outlook.com,2026-01-05,PREMIUM
CUST0375,Vivaan Singh,vivaan.singh375@yahoo.com,2025-12-13,VIP
CUST0376,Neha Gupta,neha.gupta376@yahoo.com,2026-01-21,VIP
CUST0377,Riya Kulkarni,riya.kulkarni377@outlook.com,2025-06-08,PREMIUM
CUST0378,Kabir Verma,kabir.verma378@example.com,2025-08-25,PREMIUM
CUST0379,Sneha Reddy,sneha.reddy379@example.com,2026-05-10,REGULAR
CUST0380,Kabir Jadhav,kabir.jadhav380@outlook.com,2026-03-23,PREMIUM
CUST0381,Vivaan Mehta,vivaan.mehta381@example.com,2026-03-24,PREMIUM
CUST0382,Sahil Mishra,sahil.mishra382@gmail.com,2025-12-31,VIP
CUST0383,Arjun Joshi,arjun.joshi383@gmail.com,2026-01-26,REGULAR
CUST0384,Ananya Gupta,ananya.gupta384@outlook.com,2026-03-02,PREMIUM
CUST0385,Aditya Mishra,aditya.mishra385@outlook.com,2026-02-23,PREMIUM
CUST0386,Isha Mishra,isha.mishra386@gmail.com,2025-08-01,REGULAR
CUST0387,Sneha Reddy,sneha.reddy387@yahoo.com,2025-05-01,PREMIUM
CUST0388,Aditya Verma,aditya.verma388@outlook.com,2025-01-15,PREMIUM
CUST0389,Arjun Khan,arjun.khan389@yahoo.com,2026-02-10,REGULAR
CUST0390,Rohan Sharma,rohan.sharma390@yahoo.com,2026-04-15,PREMIUM
CUST0391,Rohan Jadhav,rohan.jadhav391@example.com,2025-08-18,VIP
CUST0392,Aarav Mishra,aarav.mishra392@gmail.com,2025-01-10,PREMIUM
CUST0393,Kabir Khan,kabir.khan393@outlook.com,2025-10-08,VIP
CUST0394,Vikram Reddy,vikram.reddy394@example.com,2025-02-26,PREMIUM
CUST0395,Neha Joshi,neha.joshi395@gmail.com,2025-01-25,REGULAR
CUST0396,Kavya Mehta,kavya.mehta396@example.com,2025-02-02,REGULAR
CUST0397,Aditi Nair,aditi.nair397@gmail.com,2025-11-20,VIP
CUST0398,Nikhil Kulkarni,nikhil.kulkarni398@outlook.com,2025-05-30,PREMIUM
CUST0399,Aarav Nair,aarav.nair399@yahoo.com,2025-05-04,VIP
CUST0400,Kavya Deshmukh,kavya.deshmukh400gmail.com,2025-09-26,PREMIUM
CUST0401,Aditya Reddy,aditya.reddy401@gmail.com,2025-07-19,PREMIUM
CUST0402,Vivaan Mehta,vivaan.mehta402@example.com,2025-07-11,PREMIUM
CUST0403,Aarav Verma,aarav.verma403@gmail.com,2025-06-26,REGULAR
CUST0404,Arjun Jadhav,arjun.jadhav404@yahoo.com,2025-03-10,REGULAR
CUST0405,Isha Reddy,isha.reddy405@yahoo.com,2026-02-21,VIP
CUST0406,Ishaan Khan,ishaan.khan406@example.com,2025-12-23,PREMIUM
CUST0407,Ishaan Jadhav,ishaan.jadhav407@outlook.com,2025-02-02,VIP
CUST0408,Riya Sharma,riya.sharma408@yahoo.com,2025-04-14,REGULAR
CUST0409,Kabir Mishra,kabir.mishra409@gmail.com,2025-06-11,PREMIUM
CUST0410,Rahul Singh,rahul.singh410@example.com,2025-05-10,REGULAR
CUST0411,Kabir Joshi,kabir.joshi411@yahoo.com,2026-03-18,REGULAR
CUST0412,Meera Joshi,meera.joshi412@gmail.com,2026-02-14,PREMIUM
CUST0413,Kavya Mishra,kavya.mishra413@example.com,2026-01-16,PREMIUM
CUST0414,Sneha Verma,sneha.verma414@outlook.com,2025-09-12,VIP
CUST0415,Aditi Verma,aditi.verma415@yahoo.com,2026-02-15,REGULAR
CUST0416,Kavya Patil,kavya.patil416@example.com,2025-11-05,REGULAR
CUST0417,Sahil Joshi,sahil.joshi417@yahoo.com,2025-02-22,REGULAR
CUST0418,Meera Mehta,meera.mehta418@yahoo.com,2025-06-06,PREMIUM
CUST0419,Vikram Pawar,vikram.pawar419@example.com,2025-03-27,VIP
CUST0420,Riya Verma,riya.verma420@example.com,2025-01-22,VIP
CUST0421,Isha Nair,isha.nair421@example.com,2025-05-21,VIP
CUST0422,Vivaan Patil,vivaan.patil422@example.com,2025-07-06,VIP
CUST0423,Ishaan Sharma,ishaan.sharma423@outlook.com,2026-03-11,VIP
CUST0424,Riya Sharma,riya.sharma424@outlook.com,2025-02-04,REGULAR
CUST0425,Isha Verma,isha.verma425@example.com,2026-05-02,VIP
CUST0426,Vivaan Nair,vivaan.nair426@outlook.com,2025-12-14,PREMIUM
CUST0427,Isha Verma,isha.verma427@example.com,2026-01-26,REGULAR
CUST0428,Nikhil Deshmukh,nikhil.deshmukh428@yahoo.com,2025-07-23,PREMIUM
CUST0429,Ananya Kulkarni,ananya.kulkarni429@gmail.com,2025-01-14,VIP
CUST0430,Ishaan Gupta,ishaan.gupta430@example.com,2026-04-13,VIP
CUST0431,Arjun Joshi,arjun.joshi431@yahoo.com,2025-12-27,PREMIUM
CUST0432,Kabir Nair,kabir.nair432@yahoo.com,2025-12-22,PREMIUM
CUST0433,Kabir Patil,kabir.patil433@outlook.com,2026-03-13,REGULAR
CUST0434,Riya Deshmukh,riya.deshmukh434@example.com,2025-02-14,VIP
CUST0435,Meera Mehta,meera.mehta435@yahoo.com,2025-12-30,REGULAR
CUST0436,Sahil Reddy,sahil.reddy436@yahoo.com,2026-04-02,PREMIUM
CUST0437,Ishaan Pawar,ishaan.pawar437@outlook.com,2026-02-11,PREMIUM
CUST0438,Rahul Kulkarni,rahul.kulkarni438@gmail.com,2025-04-13,REGULAR
CUST0439,Neha Jadhav,neha.jadhav439@example.com,2025-01-14,PREMIUM
CUST0440,Sahil Nair,sahil.nair440@yahoo.com,2025-08-28,VIP
CUST0441,Rohan Nair,rohan.nair441@gmail.com,2025-02-03,PREMIUM
CUST0442,Sneha Pawar,sneha.pawar442@example.com,2025-09-27,PREMIUM
CUST0443,Kavya Khan,kavya.khan443@gmail.com,2025-03-06,PREMIUM
CUST0444,Aditya Gupta,aditya.gupta444@example.com,2025-12-15,VIP
CUST0445,Isha Deshmukh,isha.deshmukh445@outlook.com,2026-01-29,REGULAR
CUST0446,Kavya Reddy,kavya.reddy446@gmail.com,2026-03-02,REGULAR
CUST0447,Rahul Deshmukh,rahul.deshmukh447@yahoo.com,2025-03-26,REGULAR
CUST0448,Meera Mishra,meera.mishra448@outlook.com,2025-06-27,VIP
CUST0449,Priya Khan,priya.khan449@gmail.com,2025-05-09,REGULAR
CUST0450,Sahil Joshi,sahil.joshi450@,2025-11-17,PREMIUM
CUST0451,Vikram Reddy,vikram.reddy451@gmail.com,2025-09-15,VIP
CUST0452,Ishaan Nair,ishaan.nair452@outlook.com,2025-03-29,VIP
CUST0453,Vikram Pawar,vikram.pawar453@yahoo.com,2026-03-08,VIP
CUST0454,Vivaan Khan,vivaan.khan454@gmail.com,2025-02-11,REGULAR
CUST0455,Nikhil Joshi,nikhil.joshi455@outlook.com,2026-01-28,VIP
CUST0456,Kavya Nair,kavya.nair456@gmail.com,2025-09-12,VIP
CUST0457,Sahil Joshi,sahil.joshi457@yahoo.com,2025-09-05,REGULAR
CUST0458,Sneha Joshi,sneha.joshi458@example.com,2025-02-07,VIP
CUST0459,Vivaan Deshmukh,vivaan.deshmukh459@example.com,2025-08-01,PREMIUM
CUST0460,Riya Kulkarni,riya.kulkarni460@yahoo.com,2025-11-07,REGULAR
CUST0461,Meera Khan,meera.khan461@yahoo.com,2026-01-11,PREMIUM
CUST0462,Sneha Deshmukh,sneha.deshmukh462@yahoo.com,2025-09-21,VIP
CUST0463,Arjun Verma,arjun.verma463@outlook.com,2025-08-27,REGULAR
CUST0464,Ananya Gupta,ananya.gupta464@outlook.com,2025-03-14,REGULAR
CUST0465,Vivaan Joshi,vivaan.joshi465@example.com,2026-03-19,VIP
CUST0466,Kavya Kulkarni,kavya.kulkarni466@outlook.com,2026-02-21,PREMIUM
CUST0467,Nikhil Pawar,nikhil.pawar467@yahoo.com,2025-04-08,REGULAR
CUST0468,Aditi Reddy,aditi.reddy468@example.com,2025-09-13,PREMIUM
CUST0469,Aditi Sharma,aditi.sharma469@gmail.com,2026-04-29,PREMIUM
CUST0470,Rahul Gupta,rahul.gupta470@outlook.com,2025-04-21,VIP
CUST0471,Isha Sharma,isha.sharma471@gmail.com,2025-05-25,PREMIUM
CUST0472,Vikram Mishra,vikram.mishra472@example.com,2025-05-27,VIP
CUST0473,Aarav Khan,aarav.khan473@gmail.com,2025-08-09,REGULAR
CUST0474,Ananya Pawar,ananya.pawar474@yahoo.com,2026-01-27,PREMIUM
CUST0475,Isha Sharma,isha.sharma475@example.com,2025-01-27,VIP
CUST0476,Sahil Kulkarni,sahil.kulkarni476@yahoo.com,2025-10-11,PREMIUM
CUST0477,Aditya Singh,aditya.singh477@example.com,2026-01-27,VIP
CUST0478,Ananya Khan,ananya.khan478@gmail.com,2025-03-07,REGULAR
CUST0479,Sneha Verma,sneha.verma479@yahoo.com,2025-10-13,PREMIUM
CUST0480,Rohan Kulkarni,rohan.kulkarni480@example.com,2025-09-14,REGULAR
CUST0481,Vivaan Sharma,vivaan.sharma481@outlook.com,2026-01-01,PREMIUM
CUST0482,Aditi Reddy,aditi.reddy482@example.com,2025-03-18,VIP
CUST0483,Rahul Deshmukh,rahul.deshmukh483@yahoo.com,2026-04-22,VIP
CUST0484,Meera Deshmukh,meera.deshmukh484@example.com,2025-11-12,VIP
CUST0485,Priya Nair,priya.nair485@yahoo.com,2025-09-17,VIP
CUST0486,Sahil Gupta,sahil.gupta486@yahoo.com,2025-09-01,REGULAR
CUST0487,Isha Verma,isha.verma487@gmail.com,2025-08-02,VIP
CUST0488,Priya Jadhav,priya.jadhav488@gmail.com,2025-11-02,PREMIUM
CUST0489,Ananya Mehta,ananya.mehta489@outlook.com,2026-01-05,REGULAR
CUST0490,Nikhil Gupta,nikhil.gupta490@outlook.com,2025-09-26,VIP
CUST0491,Vikram Jadhav,vikram.jadhav491@example.com,2025-03-17,VIP
CUST0492,Neha Sharma,neha.sharma492@gmail.com,2025-04-08,REGULAR
CUST0493,Riya Verma,riya.verma493@example.com,2025-03-19,PREMIUM
CUST0494,Kabir Singh,kabir.singh494@example.com,2026-03-23,VIP
CUST0495,Vivaan Pawar,vivaan.pawar495@outlook.com,2025-09-23,REGULAR
CUST0496,Sahil Verma,sahil.verma496@example.com,2025-09-27,PREMIUM
CUST0497,Meera Deshmukh,meera.deshmukh497@example.com,2026-04-13,VIP
CUST0498,Meera Reddy,meera.reddy498@yahoo.com,2025-12-13,VIP
CUST0499,Ananya Nair,ananya.nair499@example.com,2025-04-09,REGULAR
CUST0500,Ananya Reddy,ananya.reddy500yahoo.com,2025-04-26,PREMIUM
CUST0501,Priya Pawar,priya.pawar501@outlook.com,2025-12-20,VIP
CUST0502,Aditi Verma,aditi.verma502@example.com,2025-06-28,VIP
CUST0503,Ananya Joshi,ananya.joshi503@gmail.com,2025-10-21,VIP
CUST0504,Sahil Singh,sahil.singh504@example.com,2026-02-24,PREMIUM
CUST0505,Rohan Joshi,rohan.joshi505@gmail.com,2025-05-28,VIP
CUST0506,Aditya Verma,aditya.verma506@example.com,2025-12-02,PREMIUM
CUST0507,Aditi Kulkarni,aditi.kulkarni507@outlook.com,2026-02-28,VIP
CUST0508,Ananya Mishra,ananya.mishra508@yahoo.com,2025-03-12,REGULAR
CUST0509,Vikram Pawar,vikram.pawar509@outlook.com,2025-05-05,REGULAR
CUST0510,Rahul Kulkarni,rahul.kulkarni510@outlook.com,2025-01-27,REGULAR
CUST0511,Kavya Verma,kavya.verma511@example.com,2025-02-21,VIP
CUST0512,Rohan Sharma,rohan.sharma512@outlook.com,2025-07-28,VIP
CUST0513,Aditi Gupta,aditi.gupta513@outlook.com,2026-01-23,PREMIUM
CUST0514,Meera Joshi,meera.joshi514@gmail.com,2026-04-10,REGULAR
CUST0515,Nikhil Kulkarni,nikhil.kulkarni515@gmail.com,2026-04-13,REGULAR
CUST0516,Kavya Mishra,kavya.mishra516@outlook.com,2026-04-24,REGULAR
CUST0517,Sneha Jadhav,sneha.jadhav517@example.com,2025-04-06,VIP
CUST0518,Priya Mishra,priya.mishra518@gmail.com,2025-01-05,PREMIUM
CUST0519,Nikhil Nair,nikhil.nair519@gmail.com,2026-04-21,PREMIUM
CUST0520,Priya Gupta,priya.gupta520@example.com,2026-04-01,REGULAR
CUST0521,Rahul Gupta,rahul.gupta521@yahoo.com,2025-04-09,REGULAR
CUST0522,Meera Deshmukh,meera.deshmukh522@example.com,2025-11-28,PREMIUM
CUST0523,Ishaan Sharma,ishaan.sharma523@yahoo.com,2026-02-09,PREMIUM
CUST0524,Nikhil Mehta,nikhil.mehta524@outlook.com,2025-03-31,VIP
CUST0525,Sneha Khan,sneha.khan525@example.com,2025-09-21,PREMIUM
CUST0526,Aditya Singh,aditya.singh526@gmail.com,2025-04-05,REGULAR
CUST0527,Aditi Verma,aditi.verma527@outlook.com,2025-01-04,PREMIUM
CUST0528,Sneha Kulkarni,sneha.kulkarni528@example.com,2026-01-21,PREMIUM
CUST0529,Meera Joshi,meera.joshi529@gmail.com,2025-05-14,VIP
CUST0530,Isha Pawar,isha.pawar530@outlook.com,2025-02-01,VIP
CUST0531,Arjun Gupta,arjun.gupta531@yahoo.com,2025-03-23,PREMIUM
CUST0532,Rahul Mishra,rahul.mishra532@yahoo.com,2025-12-20,REGULAR
CUST0533,Priya Verma,priya.verma533@outlook.com,2025-04-23,REGULAR
CUST0534,Aditi Deshmukh,aditi.deshmukh534@example.com,2026-01-18,VIP
CUST0535,Isha Singh,isha.singh535@example.com,2026-01-23,VIP
CUST0536,Kabir Jadhav,kabir.jadhav536@outlook.com,2025-12-15,VIP
CUST0537,Aditya Reddy,aditya.reddy537@example.com,2025-09-28,VIP
CUST0538,Isha Patil,isha.patil538@gmail.com,2025-02-01,VIP
CUST0539,Rahul Kulkarni,rahul.kulkarni539@outlook.com,2025-03-26,PREMIUM
CUST0540,Rahul Gupta,rahul.gupta540@gmail.com,2025-12-15,REGULAR
CUST0541,Nikhil Gupta,nikhil.gupta541@gmail.com,2026-04-06,VIP
CUST0542,Riya Jadhav,riya.jadhav542@gmail.com,2025-08-21,REGULAR
CUST0543,Rahul Singh,rahul.singh543@example.com,2025-10-16,REGULAR
CUST0544,Sahil Gupta,sahil.gupta544@yahoo.com,2026-01-06,REGULAR
CUST0545,Sneha Joshi,sneha.joshi545@gmail.com,2026-01-17,REGULAR
CUST0546,Nikhil Patil,nikhil.patil546@gmail.com,2025-08-05,PREMIUM
CUST0547,Aditya Reddy,aditya.reddy547@gmail.com,2026-04-24,REGULAR
CUST0548,Aditi Sharma,aditi.sharma548@yahoo.com,2025-07-29,REGULAR
CUST0549,Rohan Jadhav,rohan.jadhav549@example.com,2025-07-11,PREMIUM
CUST0550,Riya Khan,riya.khan550@,2025-07-12,REGULAR
CUST0551,Sahil Deshmukh,sahil.deshmukh551@yahoo.com,2025-03-02,REGULAR
CUST0552,Sahil Singh,sahil.singh552@outlook.com,2026-01-08,REGULAR
CUST0553,Aarav Jadhav,aarav.jadhav553@gmail.com,2026-05-16,PREMIUM
CUST0554,Riya Mehta,riya.mehta554@example.com,2025-09-30,PREMIUM
CUST0555,Neha Kulkarni,neha.kulkarni555@example.com,2025-06-27,REGULAR
CUST0556,Ananya Kulkarni,ananya.kulkarni556@gmail.com,2025-01-17,VIP
CUST0557,Kavya Nair,kavya.nair557@gmail.com,2025-05-04,REGULAR
CUST0558,Aditya Patil,aditya.patil558@gmail.com,2025-08-17,VIP
CUST0559,Vivaan Kulkarni,vivaan.kulkarni559@gmail.com,2025-07-25,PREMIUM
CUST0560,Neha Reddy,neha.reddy560@outlook.com,2026-01-22,REGULAR
CUST0561,Rohan Reddy,rohan.reddy561@yahoo.com,2025-04-30,VIP
CUST0562,Nikhil Verma,nikhil.verma562@yahoo.com,2025-05-02,PREMIUM
CUST0563,Rohan Mehta,rohan.mehta563@outlook.com,2025-07-31,PREMIUM
CUST0564,Ananya Sharma,ananya.sharma564@outlook.com,2025-11-17,VIP
CUST0565,Kavya Reddy,kavya.reddy565@example.com,2025-01-25,PREMIUM
CUST0566,Sneha Jadhav,sneha.jadhav566@yahoo.com,2025-12-23,PREMIUM
CUST0567,Kavya Deshmukh,kavya.deshmukh567@yahoo.com,2025-07-12,REGULAR
CUST0568,Sahil Gupta,sahil.gupta568@outlook.com,2026-03-11,REGULAR
CUST0569,Priya Khan,priya.khan569@outlook.com,2026-02-17,PREMIUM
CUST0570,Vivaan Reddy,vivaan.reddy570@example.com,2026-05-11,PREMIUM
CUST0571,Sahil Reddy,sahil.reddy571@outlook.com,2025-07-18,REGULAR
CUST0572,Ananya Kulkarni,ananya.kulkarni572@yahoo.com,2025-11-28,REGULAR
CUST0573,Riya Khan,riya.khan573@yahoo.com,2025-02-17,VIP
CUST0574,Kabir Sharma,kabir.sharma574@yahoo.com,2025-07-13,VIP
CUST0575,Vikram Nair,vikram.nair575@gmail.com,2026-03-24,REGULAR
CUST0576,Kabir Jadhav,kabir.jadhav576@outlook.com,2025-09-03,REGULAR
CUST0577,Meera Joshi,meera.joshi577@gmail.com,2025-04-19,REGULAR
CUST0578,Arjun Pawar,arjun.pawar578@example.com,2026-04-14,REGULAR
CUST0579,Vikram Pawar,vikram.pawar579@outlook.com,2025-07-23,REGULAR
CUST0580,Sahil Verma,sahil.verma580@yahoo.com,2025-07-14,PREMIUM
CUST0581,Sahil Mehta,sahil.mehta581@yahoo.com,2025-06-07,PREMIUM
CUST0582,Isha Reddy,isha.reddy582@example.com,2025-08-27,REGULAR
CUST0583,Aditi Jadhav,aditi.jadhav583@yahoo.com,2026-04-14,REGULAR
CUST0584,Isha Verma,isha.verma584@example.com,2025-01-24,VIP
CUST0585,Neha Pawar,neha.pawar585@outlook.com,2025-01-09,PREMIUM
CUST0586,Sahil Mishra,sahil.mishra586@example.com,2025-06-01,REGULAR
CUST0587,Kabir Verma,kabir.verma587@outlook.com,2025-07-14,VIP
CUST0588,Neha Gupta,neha.gupta588@yahoo.com,2025-05-12,PREMIUM
CUST0589,Aditi Gupta,aditi.gupta589@outlook.com,2026-01-11,PREMIUM
CUST0590,Ishaan Deshmukh,ishaan.deshmukh590@example.com,2025-04-05,VIP
CUST0591,Vivaan Reddy,vivaan.reddy591@gmail.com,2026-03-06,REGULAR
CUST0592,Vivaan Jadhav,vivaan.jadhav592@gmail.com,2025-07-31,REGULAR
CUST0593,Neha Patil,neha.patil593@outlook.com,2025-01-05,REGULAR
CUST0594,Rahul Gupta,rahul.gupta594@yahoo.com,2025-01-31,VIP
CUST0595,Vikram Mishra,vikram.mishra595@example.com,2025-12-04,PREMIUM
CUST0596,Aarav Sharma,aarav.sharma596@example.com,2025-01-07,REGULAR
CUST0597,Rahul Pawar,rahul.pawar597@yahoo.com,2025-10-02,PREMIUM
CUST0598,Aarav Reddy,aarav.reddy598@example.com,2026-02-17,REGULAR
CUST0599,Arjun Mishra,arjun.mishra599@gmail.com,2025-09-26,REGULAR
CUST0600,Neha Kulkarni,neha.kulkarni600yahoo.com,2026-02-22,PREMIUM
CUST0601,Ananya Jadhav,ananya.jadhav601@example.com,2025-02-10,PREMIUM
CUST0602,Sneha Gupta,sneha.gupta602@outlook.com,2025-12-23,REGULAR
CUST0603,Priya Mehta,priya.mehta603@gmail.com,2025-12-01,VIP
CUST0604,Vivaan Patil,vivaan.patil604@example.com,2025-07-14,PREMIUM
CUST0605,Sahil Gupta,sahil.gupta605@gmail.com,2025-11-23,REGULAR
CUST0606,Ishaan Patil,ishaan.patil606@example.com,2026-03-09,PREMIUM
CUST0607,Meera Nair,meera.nair607@gmail.com,2026-04-04,VIP
CUST0608,Vivaan Kulkarni,vivaan.kulkarni608@outlook.com,2026-04-07,VIP
CUST0609,Nikhil Gupta,nikhil.gupta609@yahoo.com,2025-01-24,REGULAR
CUST0610,Ananya Mishra,ananya.mishra610@gmail.com,2025-04-02,PREMIUM
CUST0611,Aarav Kulkarni,aarav.kulkarni611@outlook.com,2026-01-21,VIP
CUST0612,Sneha Mishra,sneha.mishra612@gmail.com,2025-06-03,REGULAR
CUST0613,Nikhil Kulkarni,nikhil.kulkarni613@example.com,2025-12-13,VIP
CUST0614,Meera Singh,meera.singh614@outlook.com,2026-02-09,VIP
CUST0615,Aditya Reddy,aditya.reddy615@yahoo.com,2025-01-28,REGULAR
CUST0616,Kavya Kulkarni,kavya.kulkarni616@gmail.com,2025-06-24,VIP
CUST0617,Vikram Nair,vikram.nair617@example.com,2026-05-12,PREMIUM
CUST0618,Aarav Mehta,aarav.mehta618@yahoo.com,2026-02-06,PREMIUM
CUST0619,Aditi Kulkarni,aditi.kulkarni619@yahoo.com,2025-10-11,PREMIUM
CUST0620,Kavya Deshmukh,kavya.deshmukh620@example.com,2025-02-13,VIP
CUST0621,Priya Jadhav,priya.jadhav621@outlook.com,2026-01-01,REGULAR
CUST0622,Aditya Joshi,aditya.joshi622@outlook.com,2025-07-14,VIP
CUST0623,Rohan Pawar,rohan.pawar623@example.com,2025-06-12,PREMIUM
CUST0624,Arjun Patil,arjun.patil624@gmail.com,2026-04-28,PREMIUM
CUST0625,Riya Verma,riya.verma625@yahoo.com,2025-02-22,REGULAR
CUST0626,Aditya Deshmukh,aditya.deshmukh626@example.com,2025-08-18,VIP
CUST0627,Sahil Reddy,sahil.reddy627@example.com,2025-02-22,REGULAR
CUST0628,Aditya Verma,aditya.verma628@gmail.com,2025-11-02,VIP
CUST0629,Meera Khan,meera.khan629@example.com,2025-01-07,PREMIUM
CUST0630,Kavya Singh,kavya.singh630@gmail.com,2026-01-07,VIP
CUST0631,Neha Nair,neha.nair631@outlook.com,2025-12-17,PREMIUM
CUST0632,Ishaan Deshmukh,ishaan.deshmukh632@yahoo.com,2025-06-04,PREMIUM
CUST0633,Aditi Deshmukh,aditi.deshmukh633@gmail.com,2025-03-27,PREMIUM
CUST0634,Ananya Singh,ananya.singh634@yahoo.com,2025-09-05,REGULAR
CUST0635,Isha Joshi,isha.joshi635@outlook.com,2026-01-05,VIP
CUST0636,Aditi Nair,aditi.nair636@outlook.com,2025-08-23,REGULAR
CUST0637,Rohan Joshi,rohan.joshi637@gmail.com,2026-05-01,PREMIUM
CUST0638,Meera Khan,meera.khan638@example.com,2026-02-16,PREMIUM
CUST0639,Riya Verma,riya.verma639@example.com,2026-02-22,VIP
CUST0640,Vikram Deshmukh,vikram.deshmukh640@yahoo.com,2025-06-14,VIP
CUST0641,Kabir Gupta,kabir.gupta641@yahoo.com,2025-04-01,PREMIUM
CUST0642,Meera Joshi,meera.joshi642@example.com,2026-05-11,VIP
CUST0643,Neha Verma,neha.verma643@example.com,2025-05-24,PREMIUM
CUST0644,Isha Patil,isha.patil644@outlook.com,2025-10-31,VIP
CUST0645,Ishaan Mehta,ishaan.mehta645@gmail.com,2026-05-03,VIP
CUST0646,Riya Pawar,riya.pawar646@outlook.com,2025-08-13,PREMIUM
CUST0647,Aditya Khan,aditya.khan647@example.com,2025-12-11,PREMIUM
CUST0648,Rohan Mehta,rohan.mehta648@yahoo.com,2025-05-04,PREMIUM
CUST0649,Rohan Pawar,rohan.pawar649@example.com,2026-02-09,PREMIUM
CUST0650,Aditya Gupta,aditya.gupta650@,2025-10-26,PREMIUM
CUST0651,Sahil Reddy,sahil.reddy651@example.com,2025-10-06,REGULAR
CUST0652,Isha Pawar,isha.pawar652@gmail.com,2025-02-25,REGULAR
CUST0653,Isha Deshmukh,isha.deshmukh653@gmail.com,2025-10-16,VIP
CUST0654,Sneha Jadhav,sneha.jadhav654@yahoo.com,2026-05-10,PREMIUM
CUST0655,Arjun Sharma,arjun.sharma655@gmail.com,2025-05-13,REGULAR
CUST0656,Rahul Pawar,rahul.pawar656@outlook.com,2025-08-17,PREMIUM
CUST0657,Sneha Gupta,sneha.gupta657@outlook.com,2025-06-26,REGULAR
CUST0658,Aditi Patil,aditi.patil658@yahoo.com,2025-08-01,REGULAR
CUST0659,Arjun Khan,arjun.khan659@outlook.com,2025-06-28,PREMIUM
CUST0660,Meera Gupta,meera.gupta660@outlook.com,2025-09-24,PREMIUM
CUST0661,Isha Gupta,isha.gupta661@gmail.com,2025-08-13,VIP
CUST0662,Riya Verma,riya.verma662@gmail.com,2025-06-03,REGULAR
CUST0663,Arjun Sharma,arjun.sharma663@yahoo.com,2025-11-28,REGULAR
CUST0664,Ishaan Mishra,ishaan.mishra664@outlook.com,2025-09-22,REGULAR
CUST0665,Sahil Deshmukh,sahil.deshmukh665@yahoo.com,2025-10-14,PREMIUM
CUST0666,Riya Kulkarni,riya.kulkarni666@example.com,2025-11-19,REGULAR
CUST0667,Ishaan Mehta,ishaan.mehta667@example.com,2025-07-22,REGULAR
CUST0668,Vikram Mishra,vikram.mishra668@outlook.com,2025-08-19,VIP
CUST0669,Kavya Singh,kavya.singh669@gmail.com,2025-12-27,REGULAR
CUST0670,Kabir Joshi,kabir.joshi670@gmail.com,2025-10-23,REGULAR
CUST0671,Sahil Deshmukh,sahil.deshmukh671@yahoo.com,2025-06-16,REGULAR
CUST0672,Riya Patil,riya.patil672@yahoo.com,2025-12-10,PREMIUM
CUST0673,Rahul Mehta,rahul.mehta673@yahoo.com,2025-11-02,PREMIUM
CUST0674,Vikram Singh,vikram.singh674@gmail.com,2025-06-28,PREMIUM
CUST0675,Riya Nair,riya.nair675@outlook.com,2026-02-21,VIP
CUST0676,Priya Mishra,priya.mishra676@gmail.com,2025-12-11,REGULAR
CUST0677,Meera Patil,meera.patil677@outlook.com,2025-06-06,REGULAR
CUST0678,Ishaan Verma,ishaan.verma678@outlook.com,2025-09-19,PREMIUM
CUST0679,Kavya Nair,kavya.nair679@outlook.com,2025-10-22,PREMIUM
CUST0680,Kavya Deshmukh,kavya.deshmukh680@example.com,2025-11-22,VIP
CUST0681,Ishaan Reddy,ishaan.reddy681@outlook.com,2025-09-08,PREMIUM
CUST0682,Rohan Deshmukh,rohan.deshmukh682@yahoo.com,2026-03-08,PREMIUM
CUST0683,Vikram Sharma,vikram.sharma683@yahoo.com,2026-05-03,REGULAR
CUST0684,Aditi Deshmukh,aditi.deshmukh684@outlook.com,2026-02-22,PREMIUM
CUST0685,Sahil Reddy,sahil.reddy685@example.com,2025-07-29,VIP
CUST0686,Aditi Singh,aditi.singh686@example.com,2025-09-08,REGULAR
CUST0687,Aditya Nair,aditya.nair687@gmail.com,2026-02-12,REGULAR
CUST0688,Priya Sharma,priya.sharma688@yahoo.com,2025-04-26,VIP
CUST0689,Priya Deshmukh,priya.deshmukh689@example.com,2025-10-17,VIP
CUST0690,Aditi Reddy,aditi.reddy690@gmail.com,2025-10-21,REGULAR
CUST0691,Ananya Jadhav,ananya.jadhav691@yahoo.com,2025-10-05,REGULAR
CUST0692,Riya Reddy,riya.reddy692@outlook.com,2025-08-06,REGULAR
CUST0693,Neha Joshi,neha.joshi693@gmail.com,2025-08-19,PREMIUM
CUST0694,Isha Khan,isha.khan694@gmail.com,2025-08-13,REGULAR
CUST0695,Neha Kulkarni,neha.kulkarni695@yahoo.com,2026-03-17,VIP
CUST0696,Vikram Mehta,vikram.mehta696@example.com,2025-03-26,VIP
CUST0697,Rohan Jadhav,rohan.jadhav697@outlook.com,2026-02-21,REGULAR
CUST0698,Vivaan Nair,vivaan.nair698@yahoo.com,2025-09-30,PREMIUM
CUST0699,Vikram Reddy,vikram.reddy699@outlook.com,2025-06-15,VIP
CUST0700,Priya Joshi,priya.joshi700yahoo.com,2026-05-03,VIP
CUST0701,Arjun Deshmukh,arjun.deshmukh701@example.com,2026-04-16,REGULAR
CUST0702,Ananya Khan,ananya.khan702@outlook.com,2025-12-26,REGULAR
CUST0703,Neha Deshmukh,neha.deshmukh703@yahoo.com,2026-03-01,REGULAR
CUST0704,Sneha Gupta,sneha.gupta704@outlook.com,2025-10-23,VIP
CUST0705,Ananya Mehta,ananya.mehta705@example.com,2025-07-12,PREMIUM
CUST0706,Aditya Mehta,aditya.mehta706@gmail.com,2025-07-26,VIP
CUST0707,Ananya Pawar,ananya.pawar707@yahoo.com,2025-08-21,PREMIUM
CUST0708,Meera Nair,meera.nair708@gmail.com,2026-03-21,VIP
CUST0709,Aditya Pawar,aditya.pawar709@example.com,2025-11-22,VIP
CUST0710,Isha Khan,isha.khan710@gmail.com,2026-02-12,VIP
CUST0711,Sneha Kulkarni,sneha.kulkarni711@example.com,2026-02-27,REGULAR
CUST0712,Aditi Joshi,aditi.joshi712@yahoo.com,2026-03-01,PREMIUM
CUST0713,Meera Reddy,meera.reddy713@outlook.com,2025-10-17,PREMIUM
CUST0714,Meera Mishra,meera.mishra714@gmail.com,2025-01-24,REGULAR
CUST0715,Riya Sharma,riya.sharma715@gmail.com,2026-04-21,REGULAR
CUST0716,Riya Gupta,riya.gupta716@gmail.com,2026-05-06,PREMIUM
CUST0717,Kabir Pawar,kabir.pawar717@outlook.com,2026-03-28,VIP
CUST0718,Priya Deshmukh,priya.deshmukh718@yahoo.com,2025-02-17,VIP
CUST0719,Isha Joshi,isha.joshi719@gmail.com,2025-07-10,VIP
CUST0720,Ishaan Sharma,ishaan.sharma720@example.com,2025-11-17,PREMIUM
CUST0721,Neha Singh,neha.singh721@gmail.com,2025-12-27,REGULAR
CUST0722,Aarav Kulkarni,aarav.kulkarni722@example.com,2025-02-09,REGULAR
CUST0723,Nikhil Kulkarni,nikhil.kulkarni723@example.com,2025-01-05,REGULAR
CUST0724,Meera Khan,meera.khan724@gmail.com,2026-03-17,PREMIUM
CUST0725,Rohan Gupta,rohan.gupta725@gmail.com,2025-04-28,PREMIUM
CUST0726,Aditya Pawar,aditya.pawar726@gmail.com,2025-02-22,PREMIUM
CUST0727,Isha Mishra,isha.mishra727@yahoo.com,2025-03-12,PREMIUM
CUST0728,Rohan Mehta,rohan.mehta728@outlook.com,2025-02-05,VIP
CUST0729,Nikhil Sharma,nikhil.sharma729@outlook.com,2025-08-14,PREMIUM
CUST0730,Kabir Mehta,kabir.mehta730@outlook.com,2026-04-16,PREMIUM
CUST0731,Vikram Mehta,vikram.mehta731@example.com,2026-03-17,REGULAR
CUST0732,Aditya Mishra,aditya.mishra732@gmail.com,2025-03-13,REGULAR
CUST0733,Nikhil Pawar,nikhil.pawar733@example.com,2025-06-29,PREMIUM
CUST0734,Meera Jadhav,meera.jadhav734@outlook.com,2025-05-07,PREMIUM
CUST0735,Aditya Kulkarni,aditya.kulkarni735@yahoo.com,2026-02-03,VIP
CUST0736,Aarav Khan,aarav.khan736@yahoo.com,2025-04-16,VIP
CUST0737,Vikram Reddy,vikram.reddy737@outlook.com,2026-01-18,PREMIUM
CUST0738,Priya Mehta,priya.mehta738@gmail.com,2026-02-06,REGULAR
CUST0739,Aditi Singh,aditi.singh739@gmail.com,2025-05-04,PREMIUM
CUST0740,Vikram Patil,vikram.patil740@gmail.com,2025-07-04,PREMIUM
CUST0741,Rohan Singh,rohan.singh741@example.com,2025-07-07,VIP
CUST0742,Ishaan Jadhav,ishaan.jadhav742@example.com,2026-05-04,REGULAR
CUST0743,Aarav Nair,aarav.nair743@gmail.com,2025-01-08,PREMIUM
CUST0744,Kabir Sharma,kabir.sharma744@gmail.com,2026-05-01,PREMIUM
CUST0745,Rahul Joshi,rahul.joshi745@example.com,2025-08-05,VIP
CUST0746,Sneha Patil,sneha.patil746@outlook.com,2025-05-23,REGULAR
CUST0747,Priya Patil,priya.patil747@outlook.com,2026-05-14,REGULAR
CUST0748,Sahil Verma,sahil.verma748@example.com,2025-10-28,VIP
CUST0749,Aditya Joshi,aditya.joshi749@example.com,2026-01-09,REGULAR
CUST0750,Vivaan Kulkarni,vivaan.kulkarni750@,2026-04-19,PREMIUM
CUST0751,Arjun Gupta,arjun.gupta751@gmail.com,2025-06-08,VIP
CUST0752,Ishaan Patil,ishaan.patil752@gmail.com,2025-12-29,REGULAR
CUST0753,Aarav Deshmukh,aarav.deshmukh753@example.com,2026-05-03,PREMIUM
CUST0754,Rahul Reddy,rahul.reddy754@yahoo.com,2025-03-27,PREMIUM
CUST0755,Rohan Pawar,rohan.pawar755@yahoo.com,2026-01-11,REGULAR
CUST0756,Aarav Verma,aarav.verma756@example.com,2025-05-20,VIP
CUST0757,Aditya Joshi,aditya.joshi757@gmail.com,2025-09-12,PREMIUM
CUST0758,Rahul Verma,rahul.verma758@gmail.com,2025-09-13,VIP
CUST0759,Ishaan Verma,ishaan.verma759@outlook.com,2025-05-11,REGULAR
CUST0760,Nikhil Mehta,nikhil.mehta760@gmail.com,2025-04-27,VIP
CUST0761,Rahul Sharma,rahul.sharma761@gmail.com,2026-03-16,REGULAR
CUST0762,Neha Sharma,neha.sharma762@example.com,2025-07-06,PREMIUM
CUST0763,Rohan Deshmukh,rohan.deshmukh763@gmail.com,2025-10-11,VIP
CUST0764,Kavya Kulkarni,kavya.kulkarni764@yahoo.com,2025-05-08,PREMIUM
CUST0765,Meera Joshi,meera.joshi765@gmail.com,2025-10-20,PREMIUM
CUST0766,Arjun Reddy,arjun.reddy766@gmail.com,2025-04-02,REGULAR
CUST0767,Rahul Sharma,rahul.sharma767@example.com,2025-02-05,PREMIUM
CUST0768,Priya Jadhav,priya.jadhav768@yahoo.com,2025-06-17,REGULAR
CUST0769,Sahil Gupta,sahil.gupta769@gmail.com,2025-07-08,REGULAR
CUST0770,Priya Nair,priya.nair770@yahoo.com,2026-01-14,VIP
CUST0771,Neha Gupta,neha.gupta771@yahoo.com,2025-10-30,PREMIUM
CUST0772,Kabir Pawar,kabir.pawar772@outlook.com,2025-03-19,REGULAR
CUST0773,Kavya Sharma,kavya.sharma773@outlook.com,2025-10-05,PREMIUM
CUST0774,Aarav Verma,aarav.verma774@gmail.com,2026-01-24,VIP
CUST0775,Sneha Khan,sneha.khan775@yahoo.com,2025-02-23,REGULAR
CUST0776,Rahul Kulkarni,rahul.kulkarni776@example.com,2025-09-09,REGULAR
CUST0777,Rohan Pawar,rohan.pawar777@yahoo.com,2025-02-17,REGULAR
CUST0778,Neha Mishra,neha.mishra778@example.com,2025-12-25,PREMIUM
CUST0779,Riya Pawar,riya.pawar779@gmail.com,2025-10-25,REGULAR
CUST0780,Rahul Deshmukh,rahul.deshmukh780@example.com,2025-02-08,VIP
CUST0781,Nikhil Sharma,nikhil.sharma781@example.com,2025-12-06,REGULAR
CUST0782,Neha Joshi,neha.joshi782@yahoo.com,2026-03-12,PREMIUM
CUST0783,Sneha Pawar,sneha.pawar783@yahoo.com,2025-06-12,PREMIUM
CUST0784,Ananya Kulkarni,ananya.kulkarni784@gmail.com,2026-04-29,REGULAR
CUST0785,Rohan Jadhav,rohan.jadhav785@gmail.com,2025-03-21,REGULAR
CUST0786,Ishaan Gupta,ishaan.gupta786@example.com,2025-06-10,PREMIUM
CUST0787,Arjun Reddy,arjun.reddy787@yahoo.com,2026-05-09,REGULAR
CUST0788,Riya Joshi,riya.joshi788@example.com,2025-05-16,REGULAR
CUST0789,Aditya Deshmukh,aditya.deshmukh789@yahoo.com,2026-02-28,VIP
CUST0790,Vikram Sharma,vikram.sharma790@outlook.com,2026-03-04,PREMIUM
CUST0791,Rohan Patil,rohan.patil791@outlook.com,2026-05-11,PREMIUM
CUST0792,Sneha Reddy,sneha.reddy792@gmail.com,2025-12-13,PREMIUM
CUST0793,Ananya Khan,ananya.khan793@outlook.com,2025-01-16,PREMIUM
CUST0794,Riya Reddy,riya.reddy794@outlook.com,2025-02-18,PREMIUM
CUST0795,Arjun Jadhav,arjun.jadhav795@outlook.com,2025-03-04,REGULAR
CUST0796,Vivaan Khan,vivaan.khan796@outlook.com,2025-03-08,REGULAR
CUST0797,Sneha Verma,sneha.verma797@gmail.com,2025-10-26,VIP
CUST0798,Ananya Mishra,ananya.mishra798@gmail.com,2025-01-12,REGULAR
CUST0799,Kabir Mishra,kabir.mishra799@example.com,2026-02-19,REGULAR
CUST0800,Aditya Mishra,aditya.mishra800yahoo.com,2025-03-04,REGULAR
