order_id,customer_id,order_date,status,region_code
O00001,,2026-05-09 12:35:18,DELIVERED,WEST
O00002,,2025-06-02 20:19:43,RETURNED,CENTRAL
O00003,,2025-02-25 00:25:26,DELIVERED,SOUTH
O00004,,2026-06-02 17:05:10,RETURNED,SOUTH
O00005,,2025-03-18 17:54:01,DELIVERED,EAST
O00006,,2025-10-12 01:49:59,DELIVERED,CENTRAL
O00007,,2026-01-23 14:40:58,CANCELLED,NORTH
O00008,,2026-04-16 16:10:20,CANCELLED,WEST
O00009,,2025-04-01 18:08:53,DELIVERED,NORTH
O00010,,2026-05-25 23:47:18,PLACED,WEST
O00011,,2026-02-27 01:18:16,DELIVERED,NORTH
O00012,,2025-04-04 21:59:54,RETURNED,EAST
O00013,,2026-06-05 20:28:26,SHIPPED,WEST
O00014,,2025-12-16 13:13:44,CANCELLED,SOUTH
O00015,,2026-04-11 12:05:12,DELIVERED,CENTRAL
O00016,,2026-04-30 23:55:36,DELIVERED,WEST
O00017,,2025-04-27 03:32:51,CANCELLED,SOUTH
O00018,,2025-01-03 12:25:42,DELIVERED,EAST
O00019,,2026-07-15 19:00:17,DELIVERED,NORTH
O00020,,2025-02-16 05:58:36,DELIVERED,WEST
O00021,,2025-04-20 09:15:30,DELIVERED,SOUTH
O00022,,2025-05-04 14:18:17,SHIPPED,SOUTH
O00023,,2025-12-13 03:55:25,CANCELLED,NORTH
O00024,,2025-05-07 16:24:08,DELIVERED,CENTRAL
O00025,,2026-06-01 04:54:07,RETURNED,NORTH
O00026,,2026-06-28 01:46:06,DELIVERED,WEST
O00027,,2026-05-10 18:30:28,CANCELLED,SOUTH
O00028,,2025-06-27 04:40:27,PLACED,CENTRAL
O00029,,2025-11-26 18:21:14,RETURNED,WEST
O00030,,2025-09-12 09:57:40,DELIVERED,EAST
O00031,,2025-10-29 16:29:15,CANCELLED,SOUTH
O00032,,2026-02-27 21:56:14,DELIVERED,CENTRAL
O00033,,2025-11-03 19:56:42,RETURNED,CENTRAL
O00034,,2025-08-11 07:18:50,SHIPPED,EAST
O00035,,2025-12-20 04:49:49,RETURNED,SOUTH
O00036,,2026-05-31 19:45:05,DELIVERED,EAST
O00037,,2025-04-29 12:49:28,DELIVERED,CENTRAL
O00038,,2026-03-04 19:26:19,DELIVERED,WEST
O00039,,2025-01-14 19:01:55,PLACED,WEST
O00040,,2025-05-29 01:55:55,DELIVERED,SOUTH
O00041,,2025-10-01 05:51:34,RETURNED,EAST
O00042,,2025-05-30 02:15:30,DELIVERED,EAST
O00043,,2025-07-28 19:42:12,PLACED,WEST
O00044,,2025-04-15 22:25:54,RETURNED,CENTRAL
O00045,,2025-08-18 23:33:39,DELIVERED,SOUTH
O00046,,2026-06-08 10:28:21,DELIVERED,NORTH
O00047,,2026-01-26 14:06:37,DELIVERED,EAST
O00048,,2026-07-20 01:57:31,PLACED,EAST
O00049,,2025-07-27 22:35:38,RETURNED,WEST
O00050,,2025-08-19 23:04:31,DELIVERED,EAST
O00051,CUST0001,2025-01-10 10:00:00,CANCELLED,CENTRAL
O00052,CUST0002,2025-01-15 10:00:00,CANCELLED,SOUTH
O00053,CUST0003,2025-01-20 10:00:00,CANCELLED,SOUTH
O00054,CUST0004,2025-01-25 10:00:00,DELIVERED,SOUTH
O00055,CUST0800,2025-02-05 10:00:00,CANCELLED,NORTH
O00056,CUST0001,2025-02-10 10:00:00,SHIPPED,SOUTH
O00057,CUST0001,2025-03-10 10:00:00,CANCELLED,NORTH
O00058,CUST0001,2025-04-10 10:00:00,DELIVERED,WEST
O00059,CUST0005,2025-01-20 12:00:00,SHIPPED,EAST
O00060,CUST0005,2026-01-20 12:00:00,SHIPPED,CENTRAL
O00061,CUST0267,2025-01-06 12:02:07,DELIVERED,SOUTH
O00062,CUST0046,2025-06-07 11:44:47,DELIVERED,CENTRAL
O00063,CUST0683,2025-11-05 17:51:37,CANCELLED,CENTRAL
O00064,CUST0372,2025-03-16 11:34:22,DELIVERED,SOUTH
O00065,CUST0539,2025-03-11 18:23:29,SHIPPED,CENTRAL
O00066,CUST0555,2026-02-18 03:20:51,DELIVERED,SOUTH
O00067,CUST0685,2025-12-06 12:03:13,DELIVERED,SOUTH
O00068,CUST0776,2026-06-28 17:17:20,RETURNED,NORTH
O00069,CUST0123,2025-12-21 16:13:34,SHIPPED,CENTRAL
O00070,CUST0642,2025-09-07 01:27:06,DELIVERED,EAST
O00071,CUST0396,2025-04-27 14:02:57,SHIPPED,EAST
O00072,CUST0031,2026-06-14 13:39:06,DELIVERED,CENTRAL
O00073,CUST0462,2026-05-14 01:35:47,DELIVERED,SOUTH
O00074,CUST0334,2026-06-11 02:59:53,RETURNED,SOUTH
O00075,CUST0797,2026-07-05 19:24:48,PLACED,NORTH
O00076,CUST0221,2025-08-07 15:26:41,CANCELLED,SOUTH
O00077,CUST0556,2026-03-22 23:32:26,CANCELLED,NORTH
O00078,CUST0770,2025-06-07 00:51:53,DELIVERED,EAST
O00079,CUST0044,2025-03-31 02:40:00,PLACED,EAST
O00080,CUST0577,2025-03-14 20:56:01,CANCELLED,EAST
O00081,CUST0423,2026-02-02 16:25:29,DELIVERED,WEST
O00082,CUST0329,2025-01-18 14:10:52,DELIVERED,CENTRAL
O00083,CUST0012,2025-03-06 21:19:16,PLACED,NORTH
O00084,CUST0372,2026-05-30 03:51:51,DELIVERED,EAST
O00085,CUST0627,2025-03-30 10:14:59,CANCELLED,WEST
O00086,CUST0396,2026-02-09 01:07:19,DELIVERED,CENTRAL
O00087,CUST0231,2025-05-20 14:14:08,CANCELLED,CENTRAL
O00088,CUST0308,2025-05-28 10:51:06,DELIVERED,EAST
O00089,CUST0017,2026-07-21 20:12:34,SHIPPED,NORTH
O00090,CUST0011,2026-02-08 19:33:25,DELIVERED,NORTH
O00091,CUST0318,2025-08-04 12:31:09,SHIPPED,CENTRAL
O00092,CUST0151,2025-06-14 06:41:56,SHIPPED,EAST
O00093,CUST0204,2025-04-28 06:36:10,DELIVERED,CENTRAL
O00094,CUST0061,2026-07-17 16:47:38,DELIVERED,NORTH
O00095,CUST0303,2025-03-10 09:07:38,PLACED,CENTRAL
O00096,CUST0504,2025-12-05 13:00:10,SHIPPED,SOUTH
O00097,CUST0108,19-10-2025 22:33:21,PLACED,SOUTH
O00098,CUST0331,2026-05-13 16:24:27,DELIVERED,EAST
O00099,CUST0716,2025-06-06 20:35:28,DELIVERED,EAST
O00100,CUST0444,2025-06-22 00:10:33,DELIVERED,SOUTH
O00101,CUST0735,2026-03-23 10:04:24,CANCELLED,SOUTH
O00102,CUST0701,2025-12-06 17:28:28,DELIVERED,EAST
O00103,CUST0799,2025-11-09 17:43:48,DELIVERED,SOUTH
O00104,CUST0667,2025-03-25 10:13:00,RETURNED,SOUTH
O00105,CUST0557,2025-07-21 09:35:02,CANCELLED,NORTH
O00106,CUST0750,2025-03-19 00:40:41,CANCELLED,NORTH
O00107,CUST0601,2026-02-19 21:28:57,SHIPPED,NORTH
O00108,CUST0570,2025-09-24 19:47:13,RETURNED,CENTRAL
O00109,CUST0489,2025-06-02 13:19:08,DELIVERED,CENTRAL
O00110,CUST0756,2025-10-25 04:52:28,DELIVERED,CENTRAL
O00111,CUST0098,2026-02-11 13:14:52,DELIVERED,SOUTH
O00112,CUST0634,2025-06-19 18:43:08,SHIPPED,SOUTH
O00113,CUST0189,2026-08-03 20:36:02,DELIVERED,SOUTH
O00114,CUST0759,2026-05-11 13:03:48,PLACED,WEST
O00115,CUST0243,2025-03-06 09:37:29,DELIVERED,NORTH
O00116,CUST0690,2025-07-31 18:51:20,RETURNED,EAST
O00117,CUST0403,2026-04-26 16:33:11,RETURNED,NORTH
O00118,CUST0670,2025-11-28 03:45:29,DELIVERED,CENTRAL
O00119,CUST0654,2025-10-08 09:35:13,DELIVERED,CENTRAL
O00120,CUST0184,2026-01-21 23:47:58,DELIVERED,CENTRAL
O00121,CUST0675,2025-03-21 18:48:40,SHIPPED,SOUTH
O00122,CUST0534,2026-02-20 12:50:55,CANCELLED,EAST
O00123,CUST0504,2026-05-09 21:59:55,PLACED,SOUTH
O00124,CUST0456,2025-06-19 08:22:25,PLACED,EAST
O00125,CUST0222,2025-06-03 06:48:18,SHIPPED,CENTRAL
O00126,CUST0740,2025-05-02 08:23:11,DELIVERED,EAST
O00127,CUST0743,2025-04-27 17:31:53,DELIVERED,WEST
O00128,CUST0221,2025-06-15 23:33:57,CANCELLED,NORTH
O00129,CUST0255,2025-02-14 04:39:22,DELIVERED,SOUTH
O00130,CUST0143,2026-06-09 01:25:36,RETURNED,SOUTH
O00131,CUST0063,2025-06-20 09:24:10,RETURNED,CENTRAL
O00132,CUST0421,2026-08-01 23:12:54,PLACED,EAST
O00133,CUST0093,2025-08-10 16:21:17,DELIVERED,WEST
O00134,CUST0499,2025-06-24 07:59:12,CANCELLED,CENTRAL
O00135,CUST0152,2025-07-06 22:41:25,DELIVERED,EAST
O00136,CUST0177,2025-12-17 16:30:37,DELIVERED,NORTH
O00137,CUST0241,2026-01-23 14:02:03,SHIPPED,NORTH
O00138,CUST0213,2026-06-20 18:21:47,DELIVERED,SOUTH
O00139,CUST0626,2025-04-09 06:27:35,DELIVERED,CENTRAL
O00140,CUST0620,2025-02-09 19:20:55,DELIVERED,NORTH
O00141,CUST0101,2026-05-09 04:44:42,RETURNED,CENTRAL
O00142,CUST0007,2026-03-18 19:00:25,DELIVERED,NORTH
O00143,CUST0720,2026-06-27 15:37:04,SHIPPED,WEST
O00144,CUST0793,2026-01-26 12:45:43,DELIVERED,CENTRAL
O00145,CUST0106,2026-03-12 04:52:28,SHIPPED,SOUTH
O00146,CUST0091,2025-10-18 21:46:59,RETURNED,WEST
O00147,CUST0269,2025-07-13 00:11:56,DELIVERED,NORTH
O00148,CUST0597,2026-06-20 04:17:24,DELIVERED,WEST
O00149,CUST0676,2025-07-30 11:30:05,DELIVERED,NORTH
O00150,CUST0164,2026-03-13 23:43:23,DELIVERED,EAST
O00151,CUST0554,2026-03-10 20:33:32,DELIVERED,EAST
O00152,CUST0702,2026-02-11 07:24:58,DELIVERED,CENTRAL
O00153,CUST0500,2025-07-03 13:28:44,DELIVERED,WEST
O00154,CUST0265,2025-11-11 21:01:53,DELIVERED,WEST
O00155,CUST0759,2025-05-22 04:20:08,CANCELLED,WEST
O00156,CUST0722,2025-06-15 03:39:03,SHIPPED,WEST
O00157,CUST0352,2026-07-18 22:21:21,DELIVERED,NORTH
O00158,CUST0170,2026-02-03 23:09:05,PLACED,NORTH
O00159,CUST0154,2026-04-28 21:51:15,DELIVERED,NORTH
O00160,CUST0275,2025-08-16 13:30:06,PLACED,NORTH
O00161,CUST0747,2026-01-29 14:35:13,DELIVERED,CENTRAL
O00162,CUST0299,2025-02-28 06:22:53,DELIVERED,WEST
O00163,CUST0016,2025-07-26 23:54:59,RETURNED,CENTRAL
O00164,CUST0298,2025-07-19 01:13:25,CANCELLED,CENTRAL
O00165,CUST0534,2025-08-26 22:23:54,SHIPPED,NORTH
O00166,CUST0374,2025-09-02 23:50:54,PLACED,SOUTH
O00167,CUST0094,2025-10-10 14:32:34,DELIVERED,WEST
O00168,CUST0421,2025-07-25 18:51:01,PLACED,NORTH
O00169,CUST0098,2026-07-17 10:21:29,DELIVERED,CENTRAL
O00170,CUST0602,2025-12-23 12:39:04,RETURNED,EAST
O00171,CUST0237,2025-07-19 16:33:26,RETURNED,CENTRAL
O00172,CUST0010,2025-09-25 06:22:22,DELIVERED,NORTH
O00173,CUST0578,2025-03-16 18:19:11,DELIVERED,NORTH
O00174,CUST0531,2025-09-21 19:35:04,CANCELLED,CENTRAL
O00175,CUST0262,2026-03-30 13:43:44,DELIVERED,SOUTH
O00176,CUST0781,2025-12-14 16:42:22,DELIVERED,CENTRAL
O00177,CUST0034,2026-05-09 04:13:59,SHIPPED,WEST
O00178,CUST0654,2025-08-14 08:22:17,CANCELLED,WEST
O00179,CUST0367,2026-06-13 19:30:08,PLACED,EAST
O00180,CUST0260,2025-10-22 03:23:10,DELIVERED,EAST
O00181,CUST0083,2026-07-22 06:29:54,DELIVERED,EAST
O00182,CUST0229,2025-10-03 06:39:17,RETURNED,SOUTH
O00183,CUST0516,2025-07-24 08:33:03,CANCELLED,EAST
O00184,CUST0217,2025-08-23 07:22:57,CANCELLED,CENTRAL
O00185,CUST0370,2025-06-09 03:53:03,PLACED,NORTH
O00186,CUST0698,2026-05-20 22:20:55,PLACED,CENTRAL
O00187,CUST0049,2026-05-09 13:30:53,DELIVERED,WEST
O00188,CUST0594,2025-10-09 17:52:10,SHIPPED,CENTRAL
O00189,CUST0292,2026-02-12 08:05:10,CANCELLED,SOUTH
O00190,CUST0061,2026-06-23 15:24:26,DELIVERED,CENTRAL
O00191,CUST0039,2026-05-30 12:38:39,DELIVERED,SOUTH
O00192,CUST0474,2025-05-04 18:52:02,DELIVERED,NORTH
O00193,CUST0018,2025-08-04 13:48:52,DELIVERED,EAST
O00194,CUST0376,23-09-2025 06:48:50,DELIVERED,SOUTH
O00195,CUST0281,2026-04-28 22:19:18,DELIVERED,SOUTH
O00196,CUST0516,2026-03-11 07:39:54,DELIVERED,EAST
O00197,CUST0379,2026-02-15 10:10:51,DELIVERED,CENTRAL
O00198,CUST0140,2025-08-23 03:38:10,DELIVERED,SOUTH
O00199,CUST0574,2026-03-19 13:52:03,SHIPPED,SOUTH
O00200,CUST0490,2025-01-10 06:25:48,DELIVERED,SOUTH
O00201,CUST0651,2026-06-14 19:26:30,DELIVERED,WEST
O00202,CUST0313,2025-09-14 20:28:00,RETURNED,NORTH
O00203,CUST0413,2025-04-12 05:56:49,PLACED,EAST
O00204,CUST0493,2025-04-09 16:22:43,CANCELLED,EAST
O00205,CUST0375,2026-01-04 20:24:06,DELIVERED,EAST
O00206,CUST0358,2025-01-21 14:59:30,SHIPPED,CENTRAL
O00207,CUST0209,2026-07-06 06:21:17,RETURNED,EAST
O00208,CUST0369,2025-11-29 18:35:04,DELIVERED,WEST
O00209,CUST0086,2026-01-26 22:20:34,DELIVERED,SOUTH
O00210,CUST0177,2025-12-12 15:21:28,DELIVERED,CENTRAL
O00211,CUST0420,2025-03-15 02:52:49,SHIPPED,SOUTH
O00212,CUST0327,2025-11-21 23:46:31,DELIVERED,EAST
O00213,CUST0625,2026-02-09 09:52:33,RETURNED,EAST
O00214,CUST0771,2026-06-18 16:23:40,DELIVERED,SOUTH
O00215,CUST0029,2025-05-09 08:32:33,DELIVERED,NORTH
O00216,CUST0221,2025-06-20 14:27:21,PLACED,NORTH
O00217,CUST0490,2026-07-16 01:57:35,PLACED,WEST
O00218,CUST0542,2025-03-27 03:47:02,SHIPPED,SOUTH
O00219,CUST0092,2026-02-04 11:15:49,SHIPPED,EAST
O00220,CUST0459,2025-05-10 04:46:46,DELIVERED,SOUTH
O00221,CUST0035,2025-02-05 12:59:31,RETURNED,EAST
O00222,CUST0493,2026-04-24 19:40:55,RETURNED,CENTRAL
O00223,CUST0461,2025-05-19 19:38:05,SHIPPED,CENTRAL
O00224,CUST0473,2026-08-01 15:50:13,DELIVERED,CENTRAL
O00225,CUST0323,2025-12-22 17:32:11,DELIVERED,NORTH
O00226,CUST0458,2025-11-12 13:19:03,DELIVERED,SOUTH
O00227,CUST0316,2025-01-11 00:00:12,DELIVERED,SOUTH
O00228,CUST0358,2025-10-21 17:04:58,DELIVERED,WEST
O00229,CUST0779,2026-05-04 10:54:30,PLACED,WEST
O00230,CUST0305,2025-08-25 00:15:46,DELIVERED,SOUTH
O00231,CUST0427,2026-07-29 15:54:52,DELIVERED,SOUTH
O00232,CUST0738,2026-02-04 13:46:32,SHIPPED,NORTH
O00233,CUST0438,2025-09-03 18:48:33,CANCELLED,CENTRAL
O00234,CUST0716,2025-10-06 10:21:53,DELIVERED,CENTRAL
O00235,CUST0281,2026-02-27 06:50:41,RETURNED,SOUTH
O00236,CUST0145,2025-10-24 04:01:04,DELIVERED,CENTRAL
O00237,CUST0469,2025-10-06 22:40:25,DELIVERED,EAST
O00238,CUST0025,2025-06-05 01:48:25,RETURNED,NORTH
O00239,CUST0196,2025-04-15 10:16:17,SHIPPED,WEST
O00240,CUST0750,2025-01-09 08:28:34,PLACED,NORTH
O00241,CUST0511,2025-08-11 12:26:55,DELIVERED,WEST
O00242,CUST0386,2026-04-20 01:09:19,DELIVERED,SOUTH
O00243,CUST0063,2025-09-30 14:17:15,PLACED,WEST
O00244,CUST0191,2025-07-16 09:06:18,CANCELLED,NORTH
O00245,CUST0130,2025-09-12 14:00:36,CANCELLED,WEST
O00246,CUST0259,2025-02-04 07:15:06,DELIVERED,NORTH
O00247,CUST0539,2025-08-02 17:12:54,DELIVERED,EAST
O00248,CUST0336,2025-06-12 22:54:25,DELIVERED,CENTRAL
O00249,CUST0539,2025-05-06 09:13:22,DELIVERED,EAST
O00250,CUST0209,2026-01-05 01:53:47,RETURNED,SOUTH
O00251,CUST0121,2025-08-30 23:02:36,DELIVERED,NORTH
O00252,CUST0177,2025-10-10 21:17:17,PLACED,SOUTH
O00253,CUST0015,2025-02-13 21:09:22,CANCELLED,WEST
O00254,CUST0710,2025-06-08 13:31:19,CANCELLED,SOUTH
O00255,CUST0167,2026-05-27 03:19:40,DELIVERED,EAST
O00256,CUST0783,2025-03-03 02:10:34,DELIVERED,SOUTH
O00257,CUST0724,2026-07-04 03:54:36,SHIPPED,SOUTH
O00258,CUST0330,2026-07-26 23:28:15,CANCELLED,WEST
O00259,CUST0756,2025-07-17 00:46:38,DELIVERED,EAST
O00260,CUST0747,2025-05-18 09:07:39,RETURNED,WEST
O00261,CUST0729,2026-03-25 20:21:12,DELIVERED,WEST
O00262,CUST0200,2026-08-04 06:47:41,DELIVERED,EAST
O00263,CUST0755,2026-04-25 10:01:27,RETURNED,CENTRAL
O00264,CUST0573,2025-06-14 02:30:27,DELIVERED,WEST
O00265,CUST0308,2025-09-27 19:43:09,DELIVERED,NORTH
O00266,CUST0659,2026-06-03 13:48:01,CANCELLED,NORTH
O00267,CUST0640,2026-01-08 22:34:50,SHIPPED,NORTH
O00268,CUST0680,2026-07-06 14:06:29,SHIPPED,WEST
O00269,CUST0790,2026-07-19 05:36:42,DELIVERED,EAST
O00270,CUST0425,2025-11-26 04:01:18,PLACED,NORTH
O00271,CUST0050,2025-05-13 06:30:14,RETURNED,SOUTH
O00272,CUST0115,2026-05-13 06:58:35,PLACED,CENTRAL
O00273,CUST0663,2026-02-02 23:57:15,DELIVERED,CENTRAL
O00274,CUST0724,2025-09-20 01:47:13,DELIVERED,CENTRAL
O00275,CUST0741,2025-03-14 00:28:35,RETURNED,SOUTH
O00276,CUST0677,2026-05-19 02:54:40,DELIVERED,NORTH
O00277,CUST0375,2026-07-26 15:08:39,CANCELLED,NORTH
O00278,CUST0637,2025-09-30 19:15:39,PLACED,NORTH
O00279,CUST0317,2025-03-21 07:51:38,RETURNED,NORTH
O00280,CUST0109,2025-08-25 19:21:25,DELIVERED,SOUTH
O00281,CUST0544,2025-09-12 20:45:14,DELIVERED,SOUTH
O00282,CUST0577,2026-07-26 15:06:59,CANCELLED,CENTRAL
O00283,CUST0372,2026-04-15 15:32:57,RETURNED,SOUTH
O00284,CUST0190,2026-07-18 14:37:12,DELIVERED,SOUTH
O00285,CUST0552,2026-03-30 12:49:39,RETURNED,CENTRAL
O00286,CUST0338,2026-01-16 15:00:46,CANCELLED,WEST
O00287,CUST0749,2025-11-28 22:09:05,SHIPPED,CENTRAL
O00288,CUST0225,2026-01-20 20:02:00,RETURNED,EAST
O00289,CUST0374,2026-04-09 16:17:34,RETURNED,NORTH
O00290,CUST0749,2025-02-05 10:21:27,DELIVERED,CENTRAL
O00291,CUST0144,06-11-2025 00:14:20,DELIVERED,SOUTH
O00292,CUST0225,2025-11-19 00:47:24,CANCELLED,EAST
O00293,CUST0572,2026-06-08 20:15:18,DELIVERED,CENTRAL
O00294,CUST0164,2025-04-07 01:22:26,DELIVERED,SOUTH
O00295,CUST0147,2025-09-29 13:21:54,RETURNED,SOUTH
O00296,CUST0244,2025-09-20 10:56:01,PLACED,WEST
O00297,CUST0588,2025-08-11 02:48:38,DELIVERED,WEST
O00298,CUST0183,2026-05-15 20:58:47,CANCELLED,NORTH
O00299,CUST0615,2025-11-04 01:21:38,CANCELLED,CENTRAL
O00300,CUST0396,2025-03-22 02:02:09,RETURNED,EAST
O00301,CUST0362,2026-03-21 15:09:54,RETURNED,NORTH
O00302,CUST0794,2025-08-21 23:46:01,CANCELLED,NORTH
O00303,CUST0655,2026-01-27 01:58:14,DELIVERED,NORTH
O00304,CUST0332,2026-07-07 20:34:04,SHIPPED,CENTRAL
O00305,CUST0720,2025-08-15 05:34:39,PLACED,WEST
O00306,CUST0462,2026-06-01 03:16:47,SHIPPED,EAST
O00307,CUST0409,2025-06-01 04:48:46,DELIVERED,WEST
O00308,CUST0591,2025-02-20 19:57:27,DELIVERED,NORTH
O00309,CUST0414,2026-05-29 15:49:09,CANCELLED,SOUTH
O00310,CUST0786,2025-05-19 17:30:35,DELIVERED,WEST
O00311,CUST0410,2025-07-20 20:25:53,DELIVERED,CENTRAL
O00312,CUST0258,2025-09-06 02:36:30,SHIPPED,WEST
O00313,CUST0337,2025-04-02 04:05:49,DELIVERED,WEST
O00314,CUST0380,2025-12-23 06:56:07,DELIVERED,CENTRAL
O00315,CUST0677,2025-01-25 11:05:53,SHIPPED,EAST
O00316,CUST0637,2026-03-29 22:41:21,SHIPPED,NORTH
O00317,CUST0245,2025-07-24 13:36:37,SHIPPED,NORTH
O00318,CUST0121,2025-02-25 08:50:56,RETURNED,SOUTH
O00319,CUST0300,2025-01-15 12:29:53,DELIVERED,NORTH
O00320,CUST0318,2026-04-06 17:09:19,PLACED,SOUTH
O00321,CUST0763,2026-07-05 07:42:50,SHIPPED,CENTRAL
O00322,CUST0774,2025-09-22 19:58:52,DELIVERED,SOUTH
O00323,CUST0717,2025-01-19 13:42:42,DELIVERED,CENTRAL
O00324,CUST0050,2025-09-19 06:12:04,PLACED,SOUTH
O00325,CUST0719,2025-10-05 01:55:57,DELIVERED,NORTH
O00326,CUST0074,2026-02-02 09:52:41,DELIVERED,EAST
O00327,CUST0116,2025-01-20 10:38:57,RETURNED,WEST
O00328,CUST0242,2026-01-25 18:30:55,RETURNED,NORTH
O00329,CUST0329,2026-05-12 21:44:23,DELIVERED,SOUTH
O00330,CUST0209,2026-05-28 16:40:29,DELIVERED,NORTH
O00331,CUST0046,2025-09-11 19:16:31,DELIVERED,WEST
O00332,CUST0408,2025-06-10 00:40:08,DELIVERED,EAST
O00333,CUST0369,2025-11-06 08:35:59,RETURNED,CENTRAL
O00334,CUST0288,2025-03-05 22:47:03,SHIPPED,WEST
O00335,CUST0036,2026-07-23 10:12:05,SHIPPED,EAST
O00336,CUST0408,2025-05-21 03:11:47,DELIVERED,CENTRAL
O00337,CUST0700,2025-08-21 15:11:40,SHIPPED,SOUTH
O00338,CUST0442,2025-11-16 22:02:26,DELIVERED,CENTRAL
O00339,CUST0140,2025-07-31 23:45:20,SHIPPED,CENTRAL
O00340,CUST0706,2025-07-27 05:01:42,DELIVERED,CENTRAL
O00341,CUST0144,2026-03-17 05:17:05,DELIVERED,CENTRAL
O00342,CUST0167,2025-11-22 02:28:08,DELIVERED,NORTH
O00343,CUST0194,2025-11-22 05:17:53,DELIVERED,EAST
O00344,CUST0429,2026-02-26 11:02:40,DELIVERED,EAST
O00345,CUST0161,2025-07-12 03:53:14,SHIPPED,NORTH
O00346,CUST0786,2025-10-01 22:02:57,DELIVERED,SOUTH
O00347,CUST0616,2025-08-26 08:24:26,DELIVERED,EAST
O00348,CUST0087,2026-05-04 04:52:55,DELIVERED,CENTRAL
O00349,CUST0486,2026-01-18 06:41:54,RETURNED,WEST
O00350,CUST0491,2025-05-21 05:57:47,SHIPPED,NORTH
O00351,CUST0424,2025-01-16 09:49:30,RETURNED,SOUTH
O00352,CUST0766,2025-07-27 07:26:52,PLACED,WEST
O00353,CUST0637,2026-05-17 11:49:44,RETURNED,SOUTH
O00354,CUST0443,2026-02-19 01:31:22,DELIVERED,WEST
O00355,CUST0743,2025-11-17 14:21:02,DELIVERED,CENTRAL
O00356,CUST0614,2026-07-04 19:07:23,DELIVERED,NORTH
O00357,CUST0539,2025-04-22 16:26:33,DELIVERED,NORTH
O00358,CUST0257,2026-06-16 19:34:59,DELIVERED,NORTH
O00359,CUST0577,2026-02-01 18:47:29,CANCELLED,NORTH
O00360,CUST0200,2025-10-26 16:00:13,DELIVERED,EAST
O00361,CUST0798,2025-10-20 16:47:49,SHIPPED,EAST
O00362,CUST0633,2025-02-25 18:49:20,RETURNED,WEST
O00363,CUST0667,2026-04-08 03:17:34,DELIVERED,NORTH
O00364,CUST0190,2026-07-14 04:55:34,DELIVERED,EAST
O00365,CUST0467,2025-01-26 06:30:45,DELIVERED,SOUTH
O00366,CUST0471,2025-04-03 09:06:18,DELIVERED,SOUTH
O00367,CUST0741,2025-05-07 03:19:12,PLACED,WEST
O00368,CUST0655,2026-01-07 03:06:21,DELIVERED,WEST
O00369,CUST0750,2026-06-08 22:17:05,RETURNED,WEST
O00370,CUST0569,2026-01-25 01:35:54,CANCELLED,EAST
O00371,CUST0585,2025-06-03 05:54:09,RETURNED,SOUTH
O00372,CUST0793,2025-02-22 15:16:35,DELIVERED,WEST
O00373,CUST0301,2025-07-05 04:16:48,RETURNED,SOUTH
O00374,CUST0009,2025-09-17 00:26:40,DELIVERED,WEST
O00375,CUST0562,2025-01-06 22:08:09,RETURNED,SOUTH
O00376,CUST0228,2026-05-03 16:31:12,DELIVERED,NORTH
O00377,CUST0621,2025-01-07 08:54:35,RETURNED,EAST
O00378,CUST0640,2026-07-25 07:33:35,PLACED,SOUTH
O00379,CUST0062,2025-12-24 01:20:13,SHIPPED,NORTH
O00380,CUST0689,2025-11-02 12:03:19,RETURNED,NORTH
O00381,CUST0117,2026-03-03 06:29:23,SHIPPED,EAST
O00382,CUST0631,2026-07-30 06:27:34,RETURNED,CENTRAL
O00383,CUST0374,2025-02-06 03:23:26,CANCELLED,EAST
O00384,CUST0383,2026-01-24 02:27:49,CANCELLED,CENTRAL
O00385,CUST0072,2025-10-27 17:08:30,SHIPPED,EAST
O00386,CUST0343,2026-06-24 15:03:52,DELIVERED,SOUTH
O00387,CUST0632,2025-03-01 03:58:46,DELIVERED,CENTRAL
O00388,CUST0095,11-05-2026 22:01:09,RETURNED,EAST
O00389,CUST0443,2025-11-21 09:27:14,DELIVERED,CENTRAL
O00390,CUST0368,2025-05-13 22:21:56,DELIVERED,CENTRAL
O00391,CUST0752,2026-05-25 17:55:53,CANCELLED,CENTRAL
O00392,CUST0244,2025-10-25 07:02:49,PLACED,NORTH
O00393,CUST0482,2025-05-01 07:32:55,CANCELLED,WEST
O00394,CUST0429,2025-02-16 12:09:10,DELIVERED,SOUTH
O00395,CUST0017,2025-07-26 10:15:13,SHIPPED,NORTH
O00396,CUST0321,2025-11-04 18:26:52,DELIVERED,NORTH
O00397,CUST0122,2025-12-08 12:25:42,DELIVERED,CENTRAL
O00398,CUST0636,2025-01-30 06:23:40,SHIPPED,EAST
O00399,CUST0694,2026-05-06 17:16:33,CANCELLED,SOUTH
O00400,CUST0499,2025-06-09 22:50:08,DELIVERED,CENTRAL
O00401,CUST0349,2026-04-19 15:04:17,RETURNED,NORTH
O00402,CUST0539,2025-11-03 20:34:08,DELIVERED,EAST
O00403,CUST0574,2026-07-03 00:40:53,SHIPPED,EAST
O00404,CUST0368,2025-03-09 05:26:09,DELIVERED,NORTH
O00405,CUST0353,2026-01-20 22:48:38,DELIVERED,SOUTH
O00406,CUST0590,2026-02-03 06:49:20,DELIVERED,EAST
O00407,CUST0728,2025-11-19 01:09:05,SHIPPED,NORTH
O00408,CUST0514,2025-09-01 13:31:44,DELIVERED,EAST
O00409,CUST0227,2026-06-22 11:00:25,SHIPPED,EAST
O00410,CUST0044,2025-07-26 03:22:17,DELIVERED,NORTH
O00411,CUST0500,2026-05-28 05:36:35,SHIPPED,WEST
O00412,CUST0756,2026-06-21 11:17:59,CANCELLED,SOUTH
O00413,CUST0793,2025-04-11 18:47:32,DELIVERED,SOUTH
O00414,CUST0216,2025-02-07 16:43:30,DELIVERED,CENTRAL
O00415,CUST0124,2025-01-05 11:19:20,RETURNED,CENTRAL
O00416,CUST0095,2025-12-08 16:59:54,RETURNED,NORTH
O00417,CUST0539,2025-11-16 00:49:06,DELIVERED,EAST
O00418,CUST0660,2025-08-03 11:40:58,SHIPPED,EAST
O00419,CUST0289,2026-06-30 11:37:11,CANCELLED,NORTH
O00420,CUST0285,2025-06-02 05:44:03,SHIPPED,NORTH
O00421,CUST0643,2026-07-28 18:42:58,PLACED,CENTRAL
O00422,CUST0364,2026-07-17 11:35:44,SHIPPED,EAST
O00423,CUST0593,2025-09-08 06:14:09,PLACED,CENTRAL
O00424,CUST0352,2026-07-08 16:09:09,PLACED,NORTH
O00425,CUST0488,2025-02-21 03:51:24,DELIVERED,NORTH
O00426,CUST0442,2026-02-06 06:30:59,DELIVERED,CENTRAL
O00427,CUST0650,2026-04-02 22:26:21,DELIVERED,EAST
O00428,CUST0208,2026-07-01 02:51:35,RETURNED,WEST
O00429,CUST0587,2025-05-15 03:22:58,CANCELLED,WEST
O00430,CUST0105,2026-04-12 11:18:03,DELIVERED,WEST
O00431,CUST0487,2025-08-26 08:08:53,SHIPPED,CENTRAL
O00432,CUST0270,2026-01-08 14:16:30,SHIPPED,EAST
O00433,CUST0338,2026-04-10 17:44:58,PLACED,WEST
O00434,CUST0121,2025-12-26 17:25:37,DELIVERED,SOUTH
O00435,CUST0295,2025-12-23 22:00:25,DELIVERED,CENTRAL
O00436,CUST0111,2026-02-20 03:53:42,DELIVERED,NORTH
O00437,CUST0315,2026-06-30 16:47:00,DELIVERED,WEST
O00438,CUST0250,2025-09-07 19:57:00,SHIPPED,WEST
O00439,CUST0399,2025-03-09 12:24:18,SHIPPED,CENTRAL
O00440,CUST0447,2026-03-22 20:39:05,CANCELLED,CENTRAL
O00441,CUST0716,2025-08-30 06:18:06,DELIVERED,NORTH
O00442,CUST0763,2026-05-14 04:09:44,DELIVERED,WEST
O00443,CUST0339,2026-07-23 03:33:19,CANCELLED,SOUTH
O00444,CUST0321,2026-02-20 02:32:03,DELIVERED,CENTRAL
O00445,CUST0795,2026-01-24 11:55:14,DELIVERED,NORTH
O00446,CUST0098,2025-08-11 05:03:28,RETURNED,NORTH
O00447,CUST0781,2025-05-31 05:25:58,DELIVERED,EAST
O00448,CUST0405,2026-04-03 07:07:26,SHIPPED,EAST
O00449,CUST0312,2026-08-07 11:05:17,RETURNED,WEST
O00450,CUST0741,2025-12-19 03:15:03,DELIVERED,CENTRAL
O00451,CUST0528,2026-02-18 04:38:38,RETURNED,NORTH
O00452,CUST0384,2026-07-17 01:56:03,PLACED,CENTRAL
O00453,CUST0373,2025-04-23 10:16:29,RETURNED,SOUTH
O00454,CUST0448,2026-02-08 22:45:48,DELIVERED,WEST
O00455,CUST0421,2026-01-26 15:50:41,DELIVERED,SOUTH
O00456,CUST0492,2025-05-23 06:51:11,DELIVERED,EAST
O00457,CUST0433,2025-06-07 10:30:10,RETURNED,SOUTH
O00458,CUST0143,2025-01-12 02:36:43,DELIVERED,SOUTH
O00459,CUST0744,2026-05-14 23:57:15,DELIVERED,SOUTH
O00460,CUST0092,2025-05-21 23:23:00,CANCELLED,WEST
O00461,CUST0718,2026-03-12 22:41:30,SHIPPED,CENTRAL
O00462,CUST0440,2026-07-20 16:23:08,DELIVERED,SOUTH
O00463,CUST0196,2026-03-11 22:00:42,PLACED,WEST
O00464,CUST0754,2025-08-31 18:16:02,SHIPPED,CENTRAL
O00465,CUST0596,2026-01-11 01:13:05,RETURNED,CENTRAL
O00466,CUST0500,2026-01-13 04:07:12,DELIVERED,NORTH
O00467,CUST0151,2026-06-24 10:10:24,DELIVERED,NORTH
O00468,CUST0541,2025-04-01 08:55:42,DELIVERED,NORTH
O00469,CUST0706,2026-07-07 21:06:13,DELIVERED,NORTH
O00470,CUST0357,2026-07-02 00:23:33,DELIVERED,CENTRAL
O00471,CUST0486,2025-12-06 15:19:43,DELIVERED,EAST
O00472,CUST0302,2025-06-21 01:17:10,DELIVERED,CENTRAL
O00473,CUST0773,2025-11-08 20:31:26,SHIPPED,WEST
O00474,CUST0598,2025-06-23 20:51:25,PLACED,EAST
O00475,CUST0761,2025-01-28 10:26:33,DELIVERED,SOUTH
O00476,CUST0523,2025-03-20 10:06:58,SHIPPED,CENTRAL
O00477,CUST0293,2025-10-09 09:21:19,PLACED,NORTH
O00478,CUST0624,2025-06-28 21:32:44,CANCELLED,WEST
O00479,CUST0384,2025-06-29 09:30:42,CANCELLED,SOUTH
O00480,CUST0502,2025-07-05 19:12:05,RETURNED,EAST
O00481,CUST0092,2025-05-29 21:40:59,RETURNED,SOUTH
O00482,CUST0513,2026-02-27 13:57:02,SHIPPED,WEST
O00483,CUST0749,2025-06-21 07:40:37,DELIVERED,EAST
O00484,CUST0061,2025-09-28 04:13:23,PLACED,WEST
O00485,CUST0414,03-05-2026 10:58:20,DELIVERED,CENTRAL
O00486,CUST0245,2026-01-24 14:12:07,DELIVERED,SOUTH
O00487,CUST0549,2026-03-22 00:25:54,DELIVERED,WEST
O00488,CUST0397,2025-11-20 19:18:21,DELIVERED,NORTH
O00489,CUST0105,2026-06-29 23:12:28,DELIVERED,WEST
O00490,CUST0631,2025-10-07 12:11:44,SHIPPED,NORTH
O00491,CUST0267,2026-02-05 16:47:18,CANCELLED,SOUTH
O00492,CUST0757,2025-07-19 18:55:51,DELIVERED,SOUTH
O00493,CUST0326,2026-07-15 00:23:06,DELIVERED,NORTH
O00494,CUST0018,2026-02-26 03:33:25,DELIVERED,WEST
O00495,CUST0365,2025-08-13 10:18:52,SHIPPED,NORTH
O00496,CUST0030,2025-04-05 02:04:15,RETURNED,SOUTH
O00497,CUST0619,2025-05-05 04:22:05,PLACED,CENTRAL
O00498,CUST0139,2026-01-20 23:53:54,CANCELLED,CENTRAL
O00499,CUST0195,2025-04-24 06:42:31,SHIPPED,WEST
O00500,CUST0682,2025-03-19 23:15:26,DELIVERED,EAST
O00501,CUST0793,2026-03-14 11:46:29,SHIPPED,NORTH
O00502,CUST0289,2025-03-05 13:56:14,DELIVERED,NORTH
O00503,CUST0270,2025-09-29 06:28:41,DELIVERED,WEST
O00504,CUST0211,2026-02-07 06:29:48,DELIVERED,NORTH
O00505,CUST0153,2026-07-08 15:42:05,SHIPPED,NORTH
O00506,CUST0458,2025-09-23 03:45:38,PLACED,NORTH
O00507,CUST0591,2025-09-14 16:14:02,PLACED,WEST
O00508,CUST0158,2025-01-01 01:22:39,DELIVERED,EAST
O00509,CUST0161,2025-12-04 14:14:52,DELIVERED,CENTRAL
O00510,CUST0730,2026-05-18 17:24:30,DELIVERED,NORTH
O00511,CUST0559,2025-08-20 00:07:13,DELIVERED,WEST
O00512,CUST0130,2026-08-04 19:29:23,RETURNED,EAST
O00513,CUST0347,2025-11-07 14:35:09,PLACED,NORTH
O00514,CUST0380,2026-07-02 12:22:52,PLACED,WEST
O00515,CUST0784,2025-10-24 23:35:07,SHIPPED,CENTRAL
O00516,CUST0046,2026-01-29 06:57:15,DELIVERED,WEST
O00517,CUST0115,2026-01-03 17:42:46,PLACED,WEST
O00518,CUST0758,2025-07-14 05:05:42,PLACED,NORTH
O00519,CUST0743,2025-09-02 17:48:44,DELIVERED,CENTRAL
O00520,CUST0664,2025-11-12 18:11:34,DELIVERED,WEST
O00521,CUST0022,2025-02-07 12:21:10,PLACED,NORTH
O00522,CUST0421,2025-05-02 07:42:25,CANCELLED,CENTRAL
O00523,CUST0475,2026-07-04 05:25:23,CANCELLED,SOUTH
O00524,CUST0079,2025-02-07 05:09:18,DELIVERED,NORTH
O00525,CUST0488,2025-02-16 08:50:08,DELIVERED,SOUTH
O00526,CUST0020,2025-06-26 23:02:04,PLACED,EAST
O00527,CUST0105,2026-04-13 22:15:14,SHIPPED,CENTRAL
O00528,CUST0071,2025-04-19 04:09:25,DELIVERED,CENTRAL
O00529,CUST0231,2025-03-06 07:22:40,DELIVERED,WEST
O00530,CUST0338,2025-05-04 20:58:13,DELIVERED,EAST
O00531,CUST0224,2025-02-16 21:35:36,SHIPPED,NORTH
O00532,CUST0129,2025-10-08 05:08:32,CANCELLED,SOUTH
O00533,CUST0719,2026-01-14 20:08:56,SHIPPED,SOUTH
O00534,CUST0601,2025-02-11 04:51:21,PLACED,CENTRAL
O00535,CUST0391,2025-06-11 00:34:08,RETURNED,NORTH
O00536,CUST0012,2025-01-08 06:31:56,RETURNED,CENTRAL
O00537,CUST0296,2026-03-03 17:19:51,DELIVERED,SOUTH
O00538,CUST0152,2025-10-05 19:02:42,DELIVERED,SOUTH
O00539,CUST0184,2025-02-08 21:42:34,SHIPPED,WEST
O00540,CUST0632,2025-04-01 22:50:07,CANCELLED,EAST
O00541,CUST0362,2026-03-05 00:09:59,DELIVERED,SOUTH
O00542,CUST0126,2026-06-27 03:29:01,DELIVERED,CENTRAL
O00543,CUST0525,2025-08-13 16:54:05,CANCELLED,SOUTH
O00544,CUST0289,2025-02-24 07:03:11,PLACED,SOUTH
O00545,CUST0707,2026-05-01 18:06:50,SHIPPED,NORTH
O00546,CUST0061,2026-01-08 10:22:43,SHIPPED,EAST
O00547,CUST0348,2026-04-10 01:34:37,PLACED,NORTH
O00548,CUST0556,2025-06-30 05:45:15,CANCELLED,WEST
O00549,CUST0533,2025-04-29 02:34:47,RETURNED,WEST
O00550,CUST0612,2025-11-30 15:15:27,SHIPPED,EAST
O00551,CUST0241,2025-04-23 11:52:26,SHIPPED,SOUTH
O00552,CUST0761,2026-02-27 07:16:48,DELIVERED,SOUTH
O00553,CUST0081,2026-04-28 21:18:09,DELIVERED,WEST
O00554,CUST0154,2025-08-10 22:11:19,DELIVERED,WEST
O00555,CUST0388,2025-05-20 16:39:56,DELIVERED,EAST
O00556,CUST0282,2025-07-27 12:13:45,SHIPPED,CENTRAL
O00557,CUST0067,2025-10-15 04:58:11,PLACED,WEST
O00558,CUST0475,2026-03-05 06:13:59,CANCELLED,SOUTH
O00559,CUST0308,2025-06-10 23:13:43,RETURNED,SOUTH
O00560,CUST0597,2026-07-21 08:21:47,PLACED,CENTRAL
O00561,CUST0506,2025-08-10 21:32:19,DELIVERED,WEST
O00562,CUST0291,2025-01-15 15:35:13,CANCELLED,SOUTH
O00563,CUST0259,2025-12-02 15:48:37,DELIVERED,CENTRAL
O00564,CUST0158,2025-01-06 15:12:38,RETURNED,NORTH
O00565,CUST0487,2026-06-01 01:13:26,DELIVERED,WEST
O00566,CUST0496,2025-04-11 16:28:22,DELIVERED,NORTH
O00567,CUST0577,2025-01-13 14:48:16,RETURNED,SOUTH
O00568,CUST0373,2025-10-30 08:42:14,DELIVERED,NORTH
O00569,CUST0022,2026-05-07 11:05:55,SHIPPED,WEST
O00570,CUST0590,2025-01-25 16:33:36,DELIVERED,SOUTH
O00571,CUST0726,2026-02-20 06:44:01,CANCELLED,EAST
O00572,CUST0647,2026-04-21 23:03:41,PLACED,NORTH
O00573,CUST0400,2025-12-07 19:19:48,PLACED,WEST
O00574,CUST0776,2025-10-04 22:18:01,DELIVERED,SOUTH
O00575,CUST0707,2025-03-24 22:35:24,RETURNED,NORTH
O00576,CUST0533,2026-01-08 01:52:38,PLACED,EAST
O00577,CUST0482,2025-02-11 13:18:36,DELIVERED,CENTRAL
O00578,CUST0727,2025-03-10 20:24:59,DELIVERED,SOUTH
O00579,CUST0147,2025-12-09 08:41:18,DELIVERED,WEST
O00580,CUST0761,2025-08-03 08:12:28,DELIVERED,EAST
O00581,CUST0521,2026-03-10 10:05:25,PLACED,EAST
O00582,CUST0359,09-04-2026 17:42:10,DELIVERED,NORTH
O00583,CUST0487,2026-06-29 19:24:02,RETURNED,WEST
O00584,CUST0641,2026-01-12 02:23:21,SHIPPED,WEST
O00585,CUST0095,2025-03-24 14:13:27,RETURNED,EAST
O00586,CUST0084,2025-04-22 05:59:56,SHIPPED,SOUTH
O00587,CUST0514,2025-06-04 07:26:12,DELIVERED,NORTH
O00588,CUST0306,2026-03-03 19:42:46,RETURNED,WEST
O00589,CUST0361,2026-03-07 16:09:37,CANCELLED,NORTH
O00590,CUST0304,2025-07-13 02:17:30,PLACED,SOUTH
O00591,CUST0538,2025-12-10 14:59:21,DELIVERED,EAST
O00592,CUST0503,2026-06-27 19:58:08,DELIVERED,EAST
O00593,CUST0586,2025-05-16 11:09:32,SHIPPED,EAST
O00594,CUST0238,2026-05-11 13:32:25,RETURNED,NORTH
O00595,CUST0157,2025-12-28 10:21:14,DELIVERED,SOUTH
O00596,CUST0639,2025-06-14 19:29:25,DELIVERED,SOUTH
O00597,CUST0731,2025-06-07 05:52:15,SHIPPED,NORTH
O00598,CUST0330,2025-05-10 16:03:08,SHIPPED,SOUTH
O00599,CUST0216,2026-07-30 01:15:46,DELIVERED,EAST
O00600,CUST0157,2026-01-17 16:19:36,DELIVERED,SOUTH
O00601,CUST0552,2025-11-05 04:25:23,RETURNED,WEST
O00602,CUST0517,2025-05-29 16:40:36,RETURNED,SOUTH
O00603,CUST0010,2026-07-14 18:28:27,DELIVERED,EAST
O00604,CUST0491,2025-10-24 20:53:19,DELIVERED,CENTRAL
O00605,CUST0752,2026-03-29 12:19:52,DELIVERED,WEST
O00606,CUST0047,2025-05-23 20:03:35,PLACED,NORTH
O00607,CUST0417,2025-08-14 16:14:14,DELIVERED,EAST
O00608,CUST0062,2025-07-19 21:14:31,DELIVERED,EAST
O00609,CUST0206,2025-01-24 03:02:36,DELIVERED,WEST
O00610,CUST0699,2025-03-31 18:38:01,DELIVERED,WEST
O00611,CUST0331,2026-06-08 02:02:26,RETURNED,EAST
O00612,CUST0413,2025-06-01 15:34:11,DELIVERED,EAST
O00613,CUST0018,2025-10-19 12:33:29,DELIVERED,WEST
O00614,CUST0580,2025-03-31 07:51:11,DELIVERED,WEST
O00615,CUST0765,2026-03-02 16:06:39,DELIVERED,WEST
O00616,CUST0752,2026-03-01 05:04:53,CANCELLED,CENTRAL
O00617,CUST0094,2025-05-28 07:33:54,DELIVERED,CENTRAL
O00618,CUST0349,2025-03-09 21:30:21,CANCELLED,NORTH
O00619,CUST0012,2026-02-24 23:15:29,RETURNED,WEST
O00620,CUST0185,2026-07-24 16:49:30,DELIVERED,SOUTH
O00621,CUST0210,2025-07-10 13:53:59,DELIVERED,WEST
O00622,CUST0049,2025-11-06 21:18:24,DELIVERED,CENTRAL
O00623,CUST0763,2026-04-20 08:10:28,PLACED,NORTH
O00624,CUST0163,2025-09-26 10:55:43,RETURNED,WEST
O00625,CUST0133,2025-10-22 15:11:17,SHIPPED,SOUTH
O00626,CUST0035,2025-05-03 10:05:35,DELIVERED,NORTH
O00627,CUST0619,2026-01-06 21:09:21,DELIVERED,WEST
O00628,CUST0270,2026-05-03 04:21:14,DELIVERED,CENTRAL
O00629,CUST0023,2025-09-23 05:55:44,DELIVERED,SOUTH
O00630,CUST0333,2026-04-18 04:55:59,DELIVERED,NORTH
O00631,CUST0285,2026-01-05 15:16:26,DELIVERED,EAST
O00632,CUST0055,2025-10-24 10:37:08,DELIVERED,NORTH
O00633,CUST0532,2025-07-18 22:51:57,SHIPPED,NORTH
O00634,CUST0619,2025-06-21 19:47:45,DELIVERED,EAST
O00635,CUST0707,2025-11-05 09:53:00,DELIVERED,EAST
O00636,CUST0104,2026-07-02 21:07:07,DELIVERED,SOUTH
O00637,CUST0019,2025-05-21 18:51:57,DELIVERED,WEST
O00638,CUST0427,2025-12-15 05:56:08,PLACED,SOUTH
O00639,CUST0521,2025-08-15 06:51:36,CANCELLED,CENTRAL
O00640,CUST0634,2026-06-23 19:22:22,DELIVERED,NORTH
O00641,CUST0433,2026-04-17 02:46:53,PLACED,SOUTH
O00642,CUST0023,2026-05-07 12:40:40,DELIVERED,EAST
O00643,CUST0148,2026-03-29 21:45:35,DELIVERED,EAST
O00644,CUST0182,2025-11-08 01:02:49,CANCELLED,NORTH
O00645,CUST0233,2025-05-12 05:10:59,DELIVERED,EAST
O00646,CUST0134,2025-08-03 04:44:27,RETURNED,WEST
O00647,CUST0713,2025-04-25 02:49:48,PLACED,WEST
O00648,CUST0781,2026-03-18 01:32:52,SHIPPED,NORTH
O00649,CUST0681,2026-06-10 21:35:48,PLACED,NORTH
O00650,CUST0265,2025-02-14 02:24:43,DELIVERED,NORTH
O00651,CUST0778,2025-04-09 04:30:25,RETURNED,SOUTH
O00652,CUST0607,2025-07-24 06:43:39,DELIVERED,NORTH
O00653,CUST0098,2025-05-30 10:05:56,RETURNED,EAST
O00654,CUST0366,2025-06-14 18:13:39,CANCELLED,CENTRAL
O00655,CUST0253,2026-06-02 20:45:41,PLACED,CENTRAL
O00656,CUST0787,2025-01-15 19:15:15,SHIPPED,SOUTH
O00657,CUST0294,2025-06-25 19:33:22,PLACED,NORTH
O00658,CUST0225,2026-06-01 17:17:01,DELIVERED,CENTRAL
O00659,CUST0195,2026-03-27 03:54:27,SHIPPED,EAST
O00660,CUST0394,2026-03-11 07:48:05,DELIVERED,WEST
O00661,CUST0121,2025-11-18 04:30:02,DELIVERED,CENTRAL
O00662,CUST0145,2026-05-23 13:09:09,DELIVERED,CENTRAL
O00663,CUST0745,2025-02-11 02:59:40,DELIVERED,NORTH
O00664,CUST0400,2025-10-18 16:38:12,DELIVERED,EAST
O00665,CUST0709,2026-03-31 08:13:25,DELIVERED,EAST
O00666,CUST0444,2025-07-13 02:32:03,RETURNED,WEST
O00667,CUST0701,2026-01-12 06:31:40,PLACED,WEST
O00668,CUST0694,2025-04-18 14:25:52,DELIVERED,NORTH
O00669,CUST0128,2025-05-27 14:22:28,DELIVERED,CENTRAL
O00670,CUST0110,2025-06-22 02:21:21,DELIVERED,SOUTH
O00671,CUST0352,2025-07-25 21:39:42,CANCELLED,WEST
O00672,CUST0131,2025-08-27 15:27:46,DELIVERED,EAST
O00673,CUST0789,2025-10-07 23:26:28,RETURNED,EAST
O00674,CUST0493,2026-02-19 17:38:28,DELIVERED,SOUTH
O00675,CUST0792,2026-04-11 03:56:00,SHIPPED,WEST
O00676,CUST0515,2025-08-25 22:52:41,RETURNED,NORTH
O00677,CUST0107,2025-02-24 02:29:02,DELIVERED,NORTH
O00678,CUST0189,2026-01-27 22:00:44,DELIVERED,SOUTH
O00679,CUST0316,09-04-2025 02:47:09,DELIVERED,CENTRAL
O00680,CUST0791,2026-05-20 16:58:02,SHIPPED,WEST
O00681,CUST0508,2026-06-01 09:31:36,DELIVERED,CENTRAL
O00682,CUST0565,2025-01-19 01:09:01,RETURNED,NORTH
O00683,CUST0398,2026-04-06 11:27:09,RETURNED,WEST
O00684,CUST0476,2025-02-06 01:11:46,SHIPPED,EAST
O00685,CUST0729,2025-06-18 17:53:39,DELIVERED,EAST
O00686,CUST0738,2026-02-03 17:44:51,CANCELLED,CENTRAL
O00687,CUST0697,2026-05-18 20:09:45,DELIVERED,CENTRAL
O00688,CUST0487,2026-05-03 20:28:15,RETURNED,CENTRAL
O00689,CUST0063,2026-02-05 09:35:23,DELIVERED,WEST
O00690,CUST0637,2025-12-28 10:21:21,DELIVERED,NORTH
O00691,CUST0610,2025-02-16 04:40:03,CANCELLED,EAST
O00692,CUST0765,2025-01-28 22:45:40,DELIVERED,NORTH
O00693,CUST0444,2025-12-20 13:00:40,DELIVERED,NORTH
O00694,CUST0683,2025-09-08 09:00:55,SHIPPED,EAST
O00695,CUST0612,2025-03-28 02:23:05,RETURNED,NORTH
O00696,CUST0351,2025-06-23 00:43:03,DELIVERED,NORTH
O00697,CUST0477,2026-03-09 20:40:55,DELIVERED,WEST
O00698,CUST0279,2025-01-21 17:06:04,DELIVERED,EAST
O00699,CUST0392,2026-02-04 11:44:20,DELIVERED,WEST
O00700,CUST0108,2025-07-30 12:13:55,DELIVERED,EAST
O00701,CUST0176,2025-11-03 13:13:42,RETURNED,SOUTH
O00702,CUST0514,2025-03-19 19:30:32,SHIPPED,EAST
O00703,CUST0054,2025-11-01 20:52:52,DELIVERED,SOUTH
O00704,CUST0645,2025-04-05 21:03:04,PLACED,EAST
O00705,CUST0285,2025-03-10 20:37:22,CANCELLED,WEST
O00706,CUST0443,2025-08-03 12:38:43,CANCELLED,EAST
O00707,CUST0522,2025-11-04 15:45:42,DELIVERED,EAST
O00708,CUST0210,2026-03-01 14:38:50,SHIPPED,CENTRAL
O00709,CUST0470,2026-07-15 06:34:31,RETURNED,CENTRAL
O00710,CUST0197,2026-05-27 07:45:12,DELIVERED,WEST
O00711,CUST0280,2026-06-30 22:22:13,RETURNED,WEST
O00712,CUST0585,2025-03-03 19:00:54,SHIPPED,WEST
O00713,CUST0157,2025-09-04 05:28:42,CANCELLED,EAST
O00714,CUST0451,2026-02-25 11:36:06,RETURNED,NORTH
O00715,CUST0655,2025-07-28 15:00:59,SHIPPED,EAST
O00716,CUST0667,2025-06-14 09:20:12,DELIVERED,SOUTH
O00717,CUST0421,2025-09-02 04:08:04,SHIPPED,NORTH
O00718,CUST0257,2025-11-14 16:53:58,DELIVERED,WEST
O00719,CUST0438,2025-02-07 07:21:15,SHIPPED,SOUTH
O00720,CUST0035,2025-09-22 10:06:48,DELIVERED,SOUTH
O00721,CUST0665,2025-02-13 17:41:20,CANCELLED,NORTH
O00722,CUST0091,2025-11-18 21:54:12,DELIVERED,NORTH
O00723,CUST0422,2026-01-08 23:56:10,RETURNED,WEST
O00724,CUST0747,2025-05-24 08:35:38,PLACED,CENTRAL
O00725,CUST0129,2026-06-19 21:07:56,RETURNED,CENTRAL
O00726,CUST0263,2026-05-24 03:17:09,SHIPPED,NORTH
O00727,CUST0797,2025-11-17 11:59:20,CANCELLED,WEST
O00728,CUST0772,2025-08-30 15:23:46,SHIPPED,NORTH
O00729,CUST0185,2025-08-08 09:59:45,DELIVERED,EAST
O00730,CUST0609,2025-02-27 17:51:12,DELIVERED,NORTH
O00731,CUST0330,2026-07-13 15:25:45,DELIVERED,SOUTH
O00732,CUST0290,2025-05-29 13:12:58,DELIVERED,EAST
O00733,CUST0321,2025-01-22 23:29:53,RETURNED,CENTRAL
O00734,CUST0041,2025-02-25 08:43:34,SHIPPED,WEST
O00735,CUST0322,2026-01-07 04:26:37,DELIVERED,SOUTH
O00736,CUST0459,2026-02-02 00:17:11,RETURNED,WEST
O00737,CUST0267,2025-11-05 03:17:09,RETURNED,SOUTH
O00738,CUST0310,2025-08-04 05:50:01,RETURNED,EAST
O00739,CUST0791,2026-02-21 01:14:00,SHIPPED,NORTH
O00740,CUST0509,2026-04-28 15:02:07,RETURNED,EAST
O00741,CUST0740,2026-03-09 03:39:19,CANCELLED,EAST
O00742,CUST0524,2025-03-09 12:48:38,DELIVERED,CENTRAL
O00743,CUST0761,2025-12-01 16:30:09,DELIVERED,NORTH
O00744,CUST0662,2025-07-08 22:56:35,DELIVERED,SOUTH
O00745,CUST0009,2026-02-15 07:17:04,DELIVERED,EAST
O00746,CUST0595,2025-03-26 04:02:06,SHIPPED,CENTRAL
O00747,CUST0736,2025-05-14 21:37:38,DELIVERED,EAST
O00748,CUST0468,2026-05-05 04:51:39,SHIPPED,CENTRAL
O00749,CUST0341,2025-10-16 07:13:59,PLACED,EAST
O00750,CUST0192,2026-02-07 13:44:16,RETURNED,CENTRAL
O00751,CUST0235,2025-01-22 00:50:10,RETURNED,CENTRAL
O00752,CUST0647,2025-08-23 03:14:22,RETURNED,SOUTH
O00753,CUST0274,2025-06-22 01:48:45,DELIVERED,WEST
O00754,CUST0620,2025-09-24 05:26:02,PLACED,EAST
O00755,CUST0180,2026-08-04 04:16:21,PLACED,CENTRAL
O00756,CUST0451,2026-04-10 17:59:29,PLACED,SOUTH
O00757,CUST0201,2025-09-30 10:29:03,CANCELLED,WEST
O00758,CUST0139,2026-03-18 07:31:20,DELIVERED,EAST
O00759,CUST0750,2025-07-13 15:13:51,SHIPPED,SOUTH
O00760,CUST0035,2025-10-25 09:31:54,SHIPPED,WEST
O00761,CUST0260,2026-01-14 21:13:22,DELIVERED,WEST
O00762,CUST0093,2025-01-11 17:04:17,SHIPPED,EAST
O00763,CUST0715,2026-02-12 07:43:35,DELIVERED,WEST
O00764,CUST0759,2025-09-20 02:39:35,PLACED,NORTH
O00765,CUST0059,2025-12-07 08:33:01,DELIVERED,EAST
O00766,CUST0626,2025-02-16 00:11:42,SHIPPED,CENTRAL
O00767,CUST0396,2025-11-06 14:22:13,DELIVERED,SOUTH
O00768,CUST0578,2025-02-12 21:08:05,SHIPPED,SOUTH
O00769,CUST0521,2026-05-20 12:20:56,RETURNED,SOUTH
O00770,CUST0097,2025-11-21 19:18:43,DELIVERED,EAST
O00771,CUST0125,2025-11-17 01:36:28,RETURNED,WEST
O00772,CUST0293,2026-01-05 15:39:32,DELIVERED,EAST
O00773,CUST0633,2025-09-28 18:49:20,DELIVERED,SOUTH
O00774,CUST0329,2026-05-19 05:30:26,DELIVERED,WEST
O00775,CUST0060,2025-07-13 05:24:40,PLACED,SOUTH
O00776,CUST0042,27-04-2026 09:28:28,SHIPPED,WEST
O00777,CUST0452,2025-04-29 18:01:08,PLACED,EAST
O00778,CUST0732,2026-07-29 17:39:56,DELIVERED,NORTH
O00779,CUST0743,2025-06-01 04:30:07,DELIVERED,SOUTH
O00780,CUST0296,2025-07-04 06:07:38,CANCELLED,EAST
O00781,CUST0582,2025-08-06 21:14:46,RETURNED,NORTH
O00782,CUST0544,2025-07-04 15:09:40,RETURNED,SOUTH
O00783,CUST0792,2026-05-26 03:26:00,RETURNED,NORTH
O00784,CUST0297,2025-05-05 14:21:04,DELIVERED,NORTH
O00785,CUST0337,2025-06-07 01:03:04,PLACED,WEST
O00786,CUST0470,2025-10-03 21:38:03,DELIVERED,EAST
O00787,CUST0050,2026-04-09 11:49:47,RETURNED,CENTRAL
O00788,CUST0138,2025-08-05 01:46:20,CANCELLED,EAST
O00789,CUST0336,2025-02-26 02:34:29,DELIVERED,CENTRAL
O00790,CUST0396,2025-04-05 14:31:19,SHIPPED,SOUTH
O00791,CUST0795,2026-02-13 03:14:50,PLACED,SOUTH
O00792,CUST0172,2026-02-02 14:39:02,DELIVERED,SOUTH
O00793,CUST0129,2025-11-02 17:52:16,CANCELLED,EAST
O00794,CUST0707,2025-05-15 13:04:20,DELIVERED,EAST
O00795,CUST0530,2025-07-24 17:49:35,DELIVERED,WEST
O00796,CUST0493,2025-10-02 20:30:01,DELIVERED,NORTH
O00797,CUST0780,2026-03-09 13:24:25,DELIVERED,WEST
O00798,CUST0651,2026-03-13 03:23:02,PLACED,EAST
O00799,CUST0480,2025-08-18 23:34:43,DELIVERED,SOUTH
O00800,CUST0513,2026-06-24 22:55:17,DELIVERED,NORTH
O00801,CUST0303,2026-04-25 15:55:25,PLACED,WEST
O00802,CUST0313,2025-06-02 04:39:09,DELIVERED,EAST
O00803,CUST0260,2026-06-20 15:34:23,DELIVERED,NORTH
O00804,CUST0570,2025-03-20 01:38:30,DELIVERED,CENTRAL
O00805,CUST0441,2026-02-27 03:26:24,DELIVERED,CENTRAL
O00806,CUST0265,2025-12-30 09:16:45,DELIVERED,CENTRAL
O00807,CUST0022,2025-04-27 16:51:10,SHIPPED,SOUTH
O00808,CUST0408,2025-02-16 03:01:57,DELIVERED,EAST
O00809,CUST0327,2026-04-11 16:22:55,DELIVERED,EAST
O00810,CUST0355,2025-07-11 07:41:05,SHIPPED,CENTRAL
O00811,CUST0271,2025-04-19 15:47:38,DELIVERED,NORTH
O00812,CUST0410,2025-04-30 00:29:03,SHIPPED,WEST
O00813,CUST0477,2026-02-19 23:56:48,RETURNED,CENTRAL
O00814,CUST0749,2026-05-14 11:01:28,DELIVERED,CENTRAL
O00815,CUST0375,2026-02-09 11:01:09,PLACED,SOUTH
O00816,CUST0020,2025-07-15 04:04:28,CANCELLED,SOUTH
O00817,CUST0033,2025-08-03 17:31:00,DELIVERED,SOUTH
O00818,CUST0452,2026-07-06 06:57:03,PLACED,WEST
O00819,CUST0157,2026-05-01 15:21:36,PLACED,SOUTH
O00820,CUST0162,2026-04-01 17:39:36,DELIVERED,WEST
O00821,CUST0605,2025-09-06 07:19:49,DELIVERED,WEST
O00822,CUST0058,2025-12-08 00:17:12,PLACED,WEST
O00823,CUST0431,2026-05-23 21:04:06,DELIVERED,CENTRAL
O00824,CUST0303,2025-02-07 17:44:57,DELIVERED,CENTRAL
O00825,CUST0611,2026-05-15 08:26:36,DELIVERED,CENTRAL
O00826,CUST0025,2026-03-09 20:59:10,DELIVERED,NORTH
O00827,CUST0280,2026-03-04 17:14:01,PLACED,CENTRAL
O00828,CUST0667,2025-12-22 16:19:22,DELIVERED,NORTH
O00829,CUST0171,2025-10-22 06:59:52,DELIVERED,WEST
O00830,CUST0243,2026-06-04 07:59:56,DELIVERED,EAST
O00831,CUST0622,2026-04-25 04:46:31,RETURNED,WEST
O00832,CUST0432,2026-01-04 17:11:48,CANCELLED,SOUTH
O00833,CUST0642,2025-08-01 10:17:02,DELIVERED,NORTH
O00834,CUST0689,2026-05-10 04:42:00,SHIPPED,SOUTH
O00835,CUST0626,2026-05-19 03:40:25,CANCELLED,WEST
O00836,CUST0316,2025-08-29 07:37:30,DELIVERED,NORTH
O00837,CUST0373,2025-09-25 12:59:58,DELIVERED,SOUTH
O00838,CUST0521,2025-02-02 02:19:04,DELIVERED,NORTH
O00839,CUST0638,2025-08-21 04:23:38,DELIVERED,WEST
O00840,CUST0270,2025-12-15 12:56:02,CANCELLED,CENTRAL
O00841,CUST0279,2025-06-04 18:45:52,DELIVERED,NORTH
O00842,CUST0729,2025-02-21 15:56:26,CANCELLED,NORTH
O00843,CUST0114,2025-04-15 20:28:44,PLACED,NORTH
O00844,CUST0177,2025-05-01 07:28:40,RETURNED,SOUTH
O00845,CUST0751,2025-10-27 16:04:30,CANCELLED,WEST
O00846,CUST0756,2025-04-12 05:37:03,DELIVERED,EAST
O00847,CUST0147,2025-05-06 07:21:02,DELIVERED,WEST
O00848,CUST0793,2025-01-07 08:55:54,CANCELLED,WEST
O00849,CUST0355,2025-10-21 18:23:14,SHIPPED,EAST
O00850,CUST0387,2026-03-01 13:07:50,DELIVERED,SOUTH
O00851,CUST0161,2026-06-27 15:21:15,CANCELLED,SOUTH
O00852,CUST0445,2026-02-28 14:54:08,RETURNED,CENTRAL
O00853,CUST0704,2026-01-06 01:05:01,DELIVERED,NORTH
O00854,CUST0740,2026-06-14 02:32:00,PLACED,EAST
O00855,CUST0417,2025-06-18 15:48:14,PLACED,NORTH
O00856,CUST0682,2025-06-04 20:55:08,PLACED,CENTRAL
O00857,CUST0308,2026-03-06 14:38:11,RETURNED,CENTRAL
O00858,CUST0317,2025-11-18 12:31:49,PLACED,EAST
O00859,CUST0546,2025-05-31 14:42:24,DELIVERED,SOUTH
O00860,CUST0563,2026-03-29 12:34:12,RETURNED,WEST
O00861,CUST0208,2025-11-05 03:04:06,PLACED,EAST
O00862,CUST0405,2025-05-10 18:56:59,RETURNED,EAST
O00863,CUST0224,2025-04-06 18:37:45,DELIVERED,CENTRAL
O00864,CUST0354,2025-06-13 00:51:09,PLACED,CENTRAL
O00865,CUST0612,2025-09-22 08:47:12,CANCELLED,EAST
O00866,CUST0749,2026-03-09 18:23:47,PLACED,NORTH
O00867,CUST0387,2025-09-23 22:49:40,DELIVERED,NORTH
O00868,CUST0054,2025-05-08 16:20:16,DELIVERED,NORTH
O00869,CUST0470,2025-12-14 08:35:45,CANCELLED,CENTRAL
O00870,CUST0585,2026-07-01 21:40:59,SHIPPED,EAST
O00871,CUST0297,2025-05-24 13:45:01,DELIVERED,SOUTH
O00872,CUST0113,2025-12-02 18:48:12,DELIVERED,EAST
O00873,CUST0471,11-04-2025 05:20:09,DELIVERED,WEST
O00874,CUST0089,2025-04-05 02:15:51,DELIVERED,SOUTH
O00875,CUST0493,2025-08-08 16:14:39,PLACED,CENTRAL
O00876,CUST0418,2026-07-27 18:53:39,CANCELLED,EAST
O00877,CUST0604,2026-05-26 23:10:22,DELIVERED,WEST
O00878,CUST0711,2026-05-17 15:10:46,CANCELLED,SOUTH
O00879,CUST0523,2025-05-11 17:38:59,DELIVERED,SOUTH
O00880,CUST0727,2026-06-10 19:15:55,PLACED,SOUTH
O00881,CUST0472,2026-04-30 01:11:13,CANCELLED,CENTRAL
O00882,CUST0384,2025-05-02 21:54:12,RETURNED,NORTH
O00883,CUST0129,2026-01-14 20:49:02,DELIVERED,CENTRAL
O00884,CUST0162,2025-05-01 13:31:28,DELIVERED,EAST
O00885,CUST0316,2025-10-29 17:41:31,PLACED,SOUTH
O00886,CUST0151,2026-03-08 01:46:16,RETURNED,EAST
O00887,CUST0296,2025-08-09 06:39:56,CANCELLED,WEST
O00888,CUST0008,2025-05-06 19:56:06,DELIVERED,NORTH
O00889,CUST0433,2026-05-08 20:51:52,DELIVERED,WEST
O00890,CUST0351,2026-01-22 17:18:09,CANCELLED,CENTRAL
O00891,CUST0141,2025-05-22 18:22:40,DELIVERED,WEST
O00892,CUST0689,2026-04-05 05:25:27,RETURNED,EAST
O00893,CUST0097,2026-02-24 14:05:55,SHIPPED,WEST
O00894,CUST0353,2026-07-08 01:40:05,RETURNED,WEST
O00895,CUST0759,2025-10-12 23:31:01,PLACED,SOUTH
O00896,CUST0730,2025-01-26 20:49:32,DELIVERED,EAST
O00897,CUST0580,2025-05-07 23:26:39,DELIVERED,SOUTH
O00898,CUST0639,2026-07-09 21:00:09,CANCELLED,CENTRAL
O00899,CUST0540,2025-07-13 17:19:28,DELIVERED,NORTH
O00900,CUST0129,2026-06-29 06:32:39,RETURNED,EAST
O00901,CUST0216,2025-09-09 21:06:03,DELIVERED,CENTRAL
O00902,CUST0627,2025-11-25 14:37:44,DELIVERED,WEST
O00903,CUST0029,2025-12-15 15:54:40,SHIPPED,NORTH
O00904,CUST0546,2025-11-21 13:54:30,SHIPPED,NORTH
O00905,CUST0107,2026-07-09 06:07:20,DELIVERED,SOUTH
O00906,CUST0267,2025-04-02 05:36:54,DELIVERED,WEST
O00907,CUST0700,2025-06-23 02:08:41,DELIVERED,EAST
O00908,CUST0191,2025-01-28 02:07:47,DELIVERED,NORTH
O00909,CUST0333,2025-05-26 15:01:49,RETURNED,EAST
O00910,CUST0390,2025-05-04 01:53:19,SHIPPED,CENTRAL
O00911,CUST0606,2025-08-31 17:56:55,DELIVERED,CENTRAL
O00912,CUST0400,2025-04-28 09:48:16,PLACED,WEST
O00913,CUST0572,2026-02-21 02:22:59,DELIVERED,WEST
O00914,CUST0654,2025-08-28 00:40:40,SHIPPED,CENTRAL
O00915,CUST0697,2025-04-14 08:58:05,CANCELLED,SOUTH
O00916,CUST0317,2026-08-05 14:48:33,DELIVERED,CENTRAL
O00917,CUST0214,2025-05-26 13:35:29,DELIVERED,SOUTH
O00918,CUST0257,2026-07-05 15:25:42,RETURNED,CENTRAL
O00919,CUST0468,2025-02-12 00:02:11,CANCELLED,CENTRAL
O00920,CUST0302,2025-06-21 00:01:11,PLACED,WEST
O00921,CUST0285,2025-09-14 13:50:27,RETURNED,SOUTH
O00922,CUST0605,2026-06-07 10:14:32,PLACED,CENTRAL
O00923,CUST0582,2025-03-13 10:56:45,PLACED,NORTH
O00924,CUST0149,2026-07-24 10:10:29,RETURNED,SOUTH
O00925,CUST0631,2026-06-01 11:35:20,RETURNED,EAST
O00926,CUST0656,2025-09-25 16:28:58,SHIPPED,EAST
O00927,CUST0355,2025-08-04 16:44:26,RETURNED,EAST
O00928,CUST0022,2025-05-17 23:32:10,RETURNED,CENTRAL
O00929,CUST0493,2025-01-05 00:20:55,DELIVERED,WEST
O00930,CUST0575,2026-05-16 14:18:03,DELIVERED,NORTH
O00931,CUST0557,2025-02-01 16:12:30,DELIVERED,EAST
O00932,CUST0391,2026-01-02 14:04:52,SHIPPED,NORTH
O00933,CUST0133,2026-04-19 13:29:19,RETURNED,WEST
O00934,CUST0015,2025-08-15 00:43:12,CANCELLED,EAST
O00935,CUST0202,2025-04-03 22:20:05,DELIVERED,SOUTH
O00936,CUST0245,2026-05-21 13:12:59,PLACED,WEST
O00937,CUST0726,2025-08-03 00:15:35,SHIPPED,WEST
O00938,CUST0119,2025-10-12 20:43:13,DELIVERED,SOUTH
O00939,CUST0571,2025-07-18 20:35:48,DELIVERED,CENTRAL
O00940,CUST0584,2025-06-29 02:22:46,DELIVERED,NORTH
O00941,CUST0136,2025-09-23 20:44:58,RETURNED,CENTRAL
O00942,CUST0752,2025-10-08 06:59:06,CANCELLED,NORTH
O00943,CUST0715,2026-06-30 22:22:18,SHIPPED,CENTRAL
O00944,CUST0470,2025-01-03 15:33:02,DELIVERED,NORTH
O00945,CUST0336,2026-03-19 14:48:50,SHIPPED,CENTRAL
O00946,CUST0483,2026-05-23 13:09:38,DELIVERED,NORTH
O00947,CUST0744,2025-08-18 01:42:35,SHIPPED,WEST
O00948,CUST0551,2026-04-05 11:30:50,PLACED,SOUTH
O00949,CUST0348,2025-03-25 20:49:09,CANCELLED,SOUTH
O00950,CUST0712,2026-03-10 02:42:37,RETURNED,SOUTH
O00951,CUST0174,2025-12-04 11:18:57,PLACED,NORTH
O00952,CUST0034,2026-05-07 15:43:36,CANCELLED,CENTRAL
O00953,CUST0647,2025-12-09 09:07:01,SHIPPED,WEST
O00954,CUST0250,2025-12-15 01:58:54,CANCELLED,CENTRAL
O00955,CUST0248,2025-03-16 21:50:38,DELIVERED,NORTH
O00956,CUST0646,2026-04-03 21:04:42,SHIPPED,NORTH
O00957,CUST0040,2026-01-22 11:24:22,RETURNED,NORTH
O00958,CUST0136,2025-03-05 16:05:23,PLACED,CENTRAL
O00959,CUST0647,2026-03-19 02:23:43,PLACED,NORTH
O00960,CUST0578,2025-02-23 10:44:15,CANCELLED,WEST
O00961,CUST0104,2026-02-25 08:29:14,RETURNED,CENTRAL
O00962,CUST0016,2026-04-10 13:58:41,DELIVERED,WEST
O00963,CUST0641,2025-04-14 12:21:54,DELIVERED,NORTH
O00964,CUST0470,2026-06-14 11:56:57,DELIVERED,NORTH
O00965,CUST0111,2025-01-13 21:40:10,DELIVERED,CENTRAL
O00966,CUST0204,2025-05-10 23:12:20,DELIVERED,EAST
O00967,CUST0437,2026-05-08 22:36:16,DELIVERED,SOUTH
O00968,CUST0146,2025-02-15 02:12:08,SHIPPED,CENTRAL
O00969,CUST0452,2026-06-10 23:43:40,CANCELLED,EAST
O00970,CUST0603,09-07-2026 05:18:07,SHIPPED,EAST
O00971,CUST0623,2025-12-18 10:35:50,DELIVERED,NORTH
O00972,CUST0536,2025-05-29 02:05:12,SHIPPED,CENTRAL
O00973,CUST0061,2026-03-09 12:31:04,SHIPPED,SOUTH
O00974,CUST0661,2025-07-26 02:29:25,DELIVERED,WEST
O00975,CUST0717,2026-04-24 21:50:12,DELIVERED,CENTRAL
O00976,CUST0585,2025-12-10 22:25:53,DELIVERED,EAST
O00977,CUST0172,2025-04-18 16:32:26,RETURNED,NORTH
O00978,CUST0513,2025-08-13 00:08:04,DELIVERED,SOUTH
O00979,CUST0483,2025-08-07 08:42:08,DELIVERED,EAST
O00980,CUST0763,2026-01-20 07:28:31,DELIVERED,NORTH
O00981,CUST0377,2025-01-11 02:41:04,DELIVERED,CENTRAL
O00982,CUST0123,2025-05-26 10:34:46,DELIVERED,CENTRAL
O00983,CUST0789,2026-01-04 01:35:54,RETURNED,SOUTH
O00984,CUST0208,2025-10-18 06:20:25,SHIPPED,EAST
O00985,CUST0742,2025-06-28 12:22:20,CANCELLED,SOUTH
O00986,CUST0188,2025-07-20 00:46:57,SHIPPED,EAST
O00987,CUST0109,2025-01-22 04:59:48,DELIVERED,NORTH
O00988,CUST0352,2025-08-04 11:06:26,DELIVERED,EAST
O00989,CUST0387,2025-06-25 19:11:05,RETURNED,CENTRAL
O00990,CUST0450,2026-07-31 12:00:00,RETURNED,NORTH
O00991,CUST0127,2026-08-01 12:00:00,SHIPPED,SOUTH
O00992,CUST0200,2026-08-02 12:00:00,SHIPPED,WEST
O00993,CUST0717,2026-08-03 12:00:00,DELIVERED,CENTRAL
O00994,CUST0445,2026-08-04 12:00:00,RETURNED,SOUTH
O00995,CUST0053,2026-08-05 12:00:00,CANCELLED,CENTRAL
O00996,CUST0199,2026-08-06 12:00:00,RETURNED,EAST
O00997,CUST0158,2026-08-07 12:00:00,DELIVERED,NORTH
O00998,CUST0650,2026-08-08 12:00:00,CANCELLED,SOUTH
O00999,CUST0526,2026-08-10 12:00:00,RETURNED,WEST
O01000,CUST0220,2026-08-11 12:00:00,DELIVERED,WEST
